date,region,product,units_sold,unit_price
2024-01-01,West,Mouse,5,26.79
2024-01-01,North,Webcam,6,55.13
2024-01-01,West,Webcam,9,63.43
2024-01-02,North,Headset,5,77.93
2024-01-02,North,Headset,5,82.3
2024-01-02,West,Mouse,5,23.64
2024-01-02,North,Mouse,10,22.82
2024-01-02,West,Monitor,7,231.36
2024-01-02,East,Keyboard,5,49.24
2024-01-03,East,Webcam,5,56.34
2024-01-03,South,Keyboard,1,41.89
2024-01-03,East,Webcam,5,62.94
2024-01-03,West,Keyboard,4,43.83
2024-01-03,North,Keyboard,6,42.21
2024-01-03,North,Webcam,6,56.72
2024-01-03,East,Webcam,2,59.25
2024-01-03,West,Mouse,8,24.06
2024-01-04,West,Keyboard,9,43.99
2024-01-04,West,Monitor,8,228.03
2024-01-04,North,Webcam,3,54.09
2024-01-04,West,Webcam,6,61.98
2024-01-04,East,Monitor,9,218.19
2024-01-04,East,Mouse,3,23.2
2024-01-04,North,Keyboard,8,44.74
2024-01-05,East,Laptop,9,770.21
2024-01-05,East,Mouse,9,25.3
2024-01-05,South,Mouse,1,24.68
2024-01-05,West,Monitor,11,215.98
2024-01-05,West,Laptop,3,683.75
2024-01-05,West,Monitor,5,210.92
2024-01-05,East,Laptop,7,792.58
2024-01-05,West,Mouse,5,24.53
2024-01-06,South,Monitor,2,199.0
2024-01-06,North,Webcam,8,59.54
2024-01-06,East,Laptop,11,750.16
2024-01-06,North,Keyboard,8,44.52
2024-01-06,North,Keyboard,8,43.21
2024-01-06,East,Mouse,4,22.94
2024-01-06,South,Laptop,5,819.28
2024-01-07,South,Webcam,9,57.19
2024-01-07,West,Monitor,9,229.54
2024-01-07,West,Keyboard,1,42.95
2024-01-07,North,Keyboard,10,44.6
2024-01-07,East,Monitor,9,211.46
2024-01-07,East,Mouse,2,26.78
2024-01-07,North,Webcam,8,62.63
2024-01-07,South,Monitor,7,223.7
2024-01-08,East,Mouse,1,24.58
2024-01-08,West,Laptop,3,749.1
2024-01-08,South,Mouse,2,23.02
2024-01-09,East,Webcam,2,65.1
2024-01-09,West,Mouse,7,24.23
2024-01-09,East,Monitor,1,240.18
2024-01-09,South,Keyboard,1,47.54
2024-01-10,South,Keyboard,5,44.92
2024-01-10,West,Laptop,7,746.02
2024-01-10,West,Monitor,6,212.59
2024-01-11,West,Keyboard,5,40.69
2024-01-11,West,Laptop,10,696.04
2024-01-11,South,Mouse,8,23.04
2024-01-11,East,Laptop,4,773.91
2024-01-11,East,Webcam,4,63.22
2024-01-11,North,Mouse,11,23.65
2024-01-12,North,Laptop,7,730.64
2024-01-12,South,Webcam,11,63.7
2024-01-12,South,Monitor,11,210.8
2024-01-12,East,Mouse,11,23.78
2024-01-13,North,Laptop,4,681.74
2024-01-13,South,Headset,11,86.27
2024-01-13,North,Webcam,3,64.69
2024-01-13,West,Laptop,6,722.39
2024-01-13,North,Webcam,5,61.94
2024-01-13,South,Headset,2,83.95
2024-01-13,South,Monitor,11,239.22
2024-01-13,North,Laptop,2,799.67
2024-01-14,North,Webcam,2,61.19
2024-01-14,East,Headset,4,75.14
2024-01-14,South,Headset,9,87.55
2024-01-14,South,Mouse,11,23.22
2024-01-14,North,Monitor,3,203.8
2024-01-14,North,Webcam,4,55.46
2024-01-14,East,Headset,8,81.3
2024-01-14,South,Monitor,1,233.38
2024-01-15,North,Webcam,5,55.57
2024-01-15,North,Mouse,11,24.49
2024-01-15,West,Monitor,6,219.5
2024-01-15,East,Monitor,11,210.6
2024-01-15,West,Headset,7,72.4
2024-01-15,East,Laptop,7,690.88
2024-01-15,East,Laptop,1,737.87
2024-01-16,North,Mouse,9,27.17
2024-01-16,West,Keyboard,6,47.56
2024-01-16,West,Laptop,4,691.37
2024-01-16,West,Monitor,9,208.24
2024-01-16,South,Mouse,11,25.53
2024-01-16,West,Webcam,7,58.95
2024-01-16,North,Keyboard,2,44.33
2024-01-16,East,Headset,10,79.26
2024-01-17,North,Monitor,3,230.82
2024-01-17,West,Webcam,10,55.26
2024-01-17,North,Keyboard,7,41.82
2024-01-17,North,Webcam,11,57.72
2024-01-17,North,Headset,11,74.65
2024-01-17,North,Monitor,6,204.76
2024-01-18,East,Laptop,3,683.31
2024-01-18,North,Webcam,1,61.09
2024-01-18,East,Webcam,10,58.72
2024-01-19,West,Mouse,9,26.88
2024-01-19,West,Mouse,1,23.41
2024-01-19,West,Monitor,8,208.97
2024-01-19,East,Headset,5,72.79
2024-01-20,South,Headset,6,73.63
2024-01-20,North,Headset,5,72.83
2024-01-20,West,Webcam,2,64.12
2024-01-21,West,Monitor,11,233.29
2024-01-21,East,Webcam,7,61.71
2024-01-21,West,Webcam,2,60.43
2024-01-21,South,Mouse,10,26.79
2024-01-21,South,Webcam,5,61.67
2024-01-21,North,Monitor,5,204.15
2024-01-21,South,Laptop,5,709.89
2024-01-22,South,Mouse,5,24.14
2024-01-22,South,Keyboard,3,46.67
2024-01-22,South,Webcam,11,65.0
2024-01-22,West,Keyboard,6,43.46
2024-01-22,East,Headset,10,82.44
2024-01-23,West,Mouse,6,25.66
2024-01-23,North,Monitor,1,230.34
2024-01-23,North,Mouse,8,26.8
2024-01-23,West,Laptop,7,767.16
2024-01-24,East,Webcam,6,55.01
2024-01-24,West,Webcam,2,65.51
2024-01-24,North,Webcam,5,61.12
2024-01-25,West,Webcam,1,65.35
2024-01-25,South,Webcam,7,55.14
2024-01-25,East,Mouse,2,23.36
2024-01-25,East,Laptop,7,744.9
2024-01-25,East,Mouse,11,26.32
2024-01-25,West,Mouse,6,25.5
2024-01-25,North,Headset,9,73.92
2024-01-26,East,Laptop,9,773.68
2024-01-26,South,Headset,9,82.74
2024-01-26,East,Keyboard,9,48.59
2024-01-27,East,Monitor,6,214.02
2024-01-27,South,Monitor,2,204.5
2024-01-27,North,Headset,9,79.01
2024-01-27,South,Laptop,9,757.95
2024-01-27,West,Headset,7,84.48
2024-01-27,South,Laptop,5,822.99
2024-01-27,North,Webcam,5,65.41
2024-01-28,South,Headset,2,82.19
2024-01-28,North,Keyboard,7,46.67
2024-01-28,East,Laptop,8,743.15
2024-01-29,South,Monitor,4,218.18
2024-01-29,South,Laptop,4,812.77
2024-01-29,East,Webcam,5,55.33
2024-01-29,West,Laptop,10,717.59
2024-01-29,West,Headset,8,73.7
2024-01-29,West,Laptop,8,772.52
2024-01-29,East,Laptop,10,809.56
2024-01-30,North,Monitor,10,204.29
2024-01-30,West,Webcam,3,64.93
2024-01-30,South,Mouse,1,22.68
2024-01-31,North,Laptop,11,765.89
2024-01-31,West,Headset,3,85.59
2024-01-31,North,Laptop,11,795.14
2024-02-01,North,Webcam,10,62.38
2024-02-01,West,Keyboard,1,42.32
2024-02-01,North,Laptop,6,750.68
2024-02-01,East,Mouse,7,26.76
2024-02-01,South,Laptop,1,785.19
2024-02-01,North,Laptop,3,781.49
2024-02-01,East,Headset,6,81.78
2024-02-01,North,Laptop,7,681.35
2024-02-02,West,Keyboard,8,42.06
2024-02-02,South,Laptop,5,702.53
2024-02-02,West,Mouse,6,26.42
2024-02-02,South,Mouse,5,25.36
2024-02-03,North,Headset,5,76.82
2024-02-03,East,Mouse,8,25.75
2024-02-03,South,Headset,6,74.38
2024-02-04,East,Keyboard,2,44.77
2024-02-04,North,Headset,2,76.45
2024-02-04,North,Monitor,9,216.83
2024-02-04,East,Keyboard,7,44.21
2024-02-04,North,Keyboard,11,42.46
2024-02-04,East,Mouse,4,22.68
2024-02-05,South,Keyboard,6,42.53
2024-02-05,North,Mouse,7,25.33
2024-02-05,East,Mouse,8,25.76
2024-02-05,East,Monitor,4,232.65
2024-02-06,North,Keyboard,6,46.13
2024-02-06,South,Headset,6,83.79
2024-02-06,East,Headset,10,86.74
2024-02-06,East,Webcam,6,63.6
2024-02-06,North,Monitor,5,234.84
2024-02-06,South,Laptop,2,685.81
2024-02-07,West,Webcam,1,57.37
2024-02-07,East,Keyboard,9,42.06
2024-02-07,South,Laptop,9,677.2
2024-02-07,South,Webcam,5,64.28
2024-02-07,South,Webcam,2,61.21
2024-02-07,East,Laptop,6,729.74
2024-02-07,West,Laptop,11,790.82
2024-02-07,South,Monitor,2,228.26
2024-02-08,West,Keyboard,4,46.27
2024-02-08,North,Webcam,3,60.3
2024-02-08,South,Laptop,5,699.89
2024-02-08,West,Headset,11,80.9
2024-02-08,North,Headset,8,87.85
2024-02-08,North,Mouse,5,24.46
2024-02-08,South,Laptop,1,788.3
2024-02-09,South,Keyboard,4,41.86
2024-02-09,North,Monitor,10,199.96
2024-02-09,East,Monitor,3,210.85
2024-02-09,South,Headset,7,79.89
2024-02-09,North,Laptop,10,711.55
2024-02-10,West,Mouse,5,25.75
2024-02-10,East,Webcam,9,54.7
2024-02-10,East,Keyboard,10,45.36
2024-02-10,South,Headset,10,79.72
2024-02-10,East,Webcam,5,64.22
2024-02-10,East,Keyboard,11,45.78
2024-02-10,North,Headset,7,77.45
2024-02-10,South,Headset,6,73.68
2024-02-11,South,Headset,11,82.09
2024-02-11,South,Monitor,4,212.91
2024-02-11,North,Monitor,1,238.81
2024-02-12,South,Keyboard,4,45.89
2024-02-12,East,Laptop,2,716.7
2024-02-12,East,Mouse,7,27.41
2024-02-12,West,Mouse,11,24.89
2024-02-12,West,Mouse,10,26.1
2024-02-12,South,Headset,6,84.51
2024-02-12,West,Laptop,2,784.86
2024-02-13,South,Mouse,7,25.77
2024-02-13,South,Headset,2,87.75
2024-02-13,South,Webcam,9,63.0
2024-02-13,East,Keyboard,4,41.61
2024-02-13,North,Mouse,9,24.95
2024-02-13,West,Headset,4,79.44
2024-02-13,West,Monitor,5,232.92
2024-02-14,North,Monitor,7,233.29
2024-02-14,South,Headset,3,85.16
2024-02-14,North,Laptop,5,682.3
2024-02-14,South,Laptop,9,776.3
2024-02-14,East,Mouse,9,26.83
2024-02-14,East,Webcam,5,63.61
2024-02-15,West,Monitor,3,225.36
2024-02-15,West,Keyboard,1,45.13
2024-02-15,South,Webcam,9,54.36
2024-02-16,East,Headset,3,82.75
2024-02-16,North,Keyboard,10,43.63
2024-02-16,West,Headset,8,76.78
2024-02-16,East,Keyboard,5,42.97
2024-02-16,East,Headset,8,75.0
2024-02-17,East,Keyboard,5,46.96
2024-02-17,West,Mouse,11,23.98
2024-02-17,West,Keyboard,2,41.73
2024-02-18,North,Headset,9,83.21
2024-02-18,East,Laptop,5,812.29
2024-02-18,North,Keyboard,2,41.71
2024-02-18,South,Laptop,1,705.3
2024-02-18,East,Laptop,11,742.99
2024-02-18,East,Headset,4,78.73
2024-02-19,West,Headset,9,80.65
2024-02-19,West,Monitor,5,237.47
2024-02-19,North,Mouse,4,27.05
2024-02-19,South,Mouse,3,26.21
2024-02-19,East,Mouse,8,24.0
2024-02-19,West,Monitor,2,212.19
2024-02-19,North,Keyboard,10,43.05
2024-02-19,North,Mouse,7,26.46
2024-02-20,East,Keyboard,11,44.79
2024-02-20,West,Mouse,8,26.57
2024-02-20,East,Headset,6,84.6
2024-02-20,North,Monitor,7,202.48
2024-02-20,South,Mouse,9,27.28
2024-02-20,East,Headset,5,72.57
2024-02-20,West,Headset,4,73.65
2024-02-21,North,Monitor,11,200.88
2024-02-21,South,Monitor,6,211.75
2024-02-21,North,Laptop,7,691.74
2024-02-22,West,Laptop,5,779.73
2024-02-22,North,Headset,4,78.31
2024-02-22,North,Keyboard,4,40.51
2024-02-22,North,Keyboard,10,40.51
2024-02-22,North,Mouse,1,24.95
2024-02-23,South,Keyboard,6,47.53
2024-02-23,West,Mouse,3,24.11
2024-02-23,East,Monitor,10,219.11
2024-02-23,East,Keyboard,3,43.48
2024-02-24,West,Keyboard,1,44.65
2024-02-24,West,Webcam,7,55.81
2024-02-24,North,Monitor,2,238.43
2024-02-24,North,Laptop,9,703.25
2024-02-25,North,Laptop,6,768.02
2024-02-25,North,Laptop,7,763.53
2024-02-25,East,Headset,4,72.08
2024-02-26,East,Mouse,10,23.31
2024-02-26,West,Headset,10,76.07
2024-02-26,North,Headset,11,79.27
2024-02-26,East,Headset,11,77.78
2024-02-26,East,Webcam,7,57.82
2024-02-26,West,Laptop,7,707.45
2024-02-26,East,Keyboard,10,43.36
2024-02-26,North,Headset,1,77.54
2024-02-27,North,Webcam,2,62.7
2024-02-27,West,Webcam,10,62.86
2024-02-27,South,Laptop,10,764.07
2024-02-27,North,Laptop,8,696.56
2024-02-27,East,Laptop,2,751.09
2024-02-28,West,Monitor,1,198.73
2024-02-28,East,Headset,5,81.35
2024-02-28,North,Mouse,10,26.9
2024-02-29,East,Laptop,7,715.98
2024-02-29,East,Laptop,2,764.19
2024-02-29,South,Keyboard,8,48.03
2024-02-29,North,Laptop,2,764.36
2024-02-29,North,Headset,10,76.06
2024-03-01,East,Monitor,7,215.43
2024-03-01,West,Webcam,9,62.71
2024-03-01,East,Monitor,9,241.27
2024-03-01,North,Keyboard,11,45.13
2024-03-01,North,Laptop,9,753.03
2024-03-01,South,Keyboard,9,41.35
2024-03-02,East,Keyboard,6,46.64
2024-03-02,North,Keyboard,11,42.11
2024-03-02,East,Monitor,11,235.8
2024-03-02,West,Monitor,3,218.67
2024-03-02,West,Webcam,8,64.54
2024-03-02,South,Keyboard,6,47.18
2024-03-02,East,Webcam,11,63.4
2024-03-02,East,Keyboard,2,48.64
2024-03-03,West,Headset,9,73.6
2024-03-03,North,Monitor,6,230.72
2024-03-03,North,Monitor,11,214.59
2024-03-03,West,Webcam,7,64.65
2024-03-03,South,Mouse,4,25.54
2024-03-03,East,Mouse,1,24.55
2024-03-03,East,Mouse,11,24.84
2024-03-04,North,Keyboard,5,44.05
2024-03-04,West,Laptop,4,699.43
2024-03-04,East,Laptop,4,818.23
2024-03-05,North,Monitor,2,231.15
2024-03-05,East,Headset,6,76.45
2024-03-05,North,Headset,3,80.35
2024-03-05,North,Keyboard,2,42.83
2024-03-05,North,Laptop,6,818.9
2024-03-05,North,Mouse,10,24.98
2024-03-05,North,Monitor,3,210.97
2024-03-06,West,Monitor,10,237.67
2024-03-06,North,Headset,4,87.72
2024-03-06,West,Mouse,1,23.19
2024-03-06,West,Monitor,5,222.33
2024-03-07,West,Headset,5,81.87
2024-03-07,East,Mouse,2,23.77
2024-03-07,South,Laptop,5,802.79
2024-03-08,East,Webcam,10,57.55
2024-03-08,South,Headset,5,84.16
2024-03-08,North,Webcam,7,56.48
2024-03-08,West,Keyboard,2,48.57
2024-03-08,East,Laptop,2,714.68
2024-03-08,West,Mouse,2,24.57
2024-03-09,South,Monitor,3,229.25
2024-03-09,North,Headset,9,85.99
2024-03-09,South,Mouse,6,23.74
2024-03-10,North,Monitor,2,239.36
2024-03-10,North,Headset,4,84.44
2024-03-10,East,Monitor,6,221.31
2024-03-10,South,Mouse,4,24.67
2024-03-11,South,Laptop,1,817.84
2024-03-11,South,Headset,11,74.62
2024-03-11,South,Mouse,2,23.54
2024-03-12,West,Laptop,2,692.84
2024-03-12,West,Laptop,4,766.22
2024-03-12,North,Keyboard,6,44.1
2024-03-12,East,Mouse,3,27.44
2024-03-13,West,Webcam,9,59.63
2024-03-13,West,Laptop,8,813.1
2024-03-13,South,Mouse,1,24.21
2024-03-14,West,Mouse,7,26.25
2024-03-14,East,Webcam,3,56.54
2024-03-14,West,Mouse,5,25.7
2024-03-15,North,Mouse,11,23.9
2024-03-15,West,Laptop,9,743.74
2024-03-15,North,Keyboard,2,46.19
2024-03-15,South,Keyboard,8,48.8
2024-03-15,South,Keyboard,8,44.65
2024-03-15,South,Mouse,1,25.5
2024-03-15,South,Mouse,11,24.21
2024-03-16,North,Laptop,8,801.9
2024-03-16,East,Laptop,4,742.44
2024-03-16,West,Webcam,9,65.9
2024-03-16,South,Mouse,2,25.8
2024-03-16,South,Keyboard,11,43.8
2024-03-16,East,Webcam,10,58.84
2024-03-17,North,Webcam,8,60.11
2024-03-17,West,Monitor,5,226.47
2024-03-17,South,Keyboard,6,44.17
2024-03-17,South,Monitor,2,202.04
2024-03-17,South,Webcam,9,61.87
2024-03-17,East,Monitor,1,212.37
2024-03-18,North,Laptop,9,804.09
2024-03-18,West,Monitor,2,227.39
2024-03-18,North,Headset,4,74.22
2024-03-18,South,Monitor,11,227.69
2024-03-18,West,Webcam,3,60.5
2024-03-18,East,Webcam,7,65.44
2024-03-18,East,Webcam,3,61.51
2024-03-19,South,Webcam,11,58.8
2024-03-19,South,Webcam,6,54.28
2024-03-19,South,Webcam,10,61.32
2024-03-20,South,Monitor,11,235.58
2024-03-20,South,Monitor,8,221.96
2024-03-20,South,Keyboard,7,43.51
2024-03-20,West,Monitor,11,238.16
2024-03-20,West,Monitor,10,241.04
2024-03-21,East,Headset,9,84.2
2024-03-21,North,Keyboard,8,44.61
2024-03-21,North,Mouse,8,23.95
2024-03-22,South,Keyboard,7,44.19
2024-03-22,South,Monitor,4,233.91
2024-03-22,West,Mouse,2,22.54
2024-03-22,North,Keyboard,2,47.68
2024-03-23,North,Laptop,7,791.15
2024-03-23,North,Laptop,5,824.79
2024-03-23,South,Monitor,1,204.77
2024-03-23,South,Keyboard,7,48.9
2024-03-23,South,Headset,11,73.11
2024-03-23,North,Mouse,9,23.85
2024-03-23,South,Headset,5,82.62
2024-03-23,North,Webcam,10,56.12
2024-03-24,South,Mouse,7,25.0
2024-03-24,South,Webcam,1,61.83
2024-03-24,West,Laptop,11,752.47
2024-03-25,North,Webcam,9,65.72
2024-03-25,South,Monitor,2,218.29
2024-03-25,South,Monitor,1,227.58
2024-03-26,South,Monitor,9,234.61
2024-03-26,West,Webcam,5,59.0
2024-03-26,South,Monitor,9,233.26
2024-03-26,North,Keyboard,3,48.54
2024-03-26,North,Mouse,10,22.98
2024-03-26,South,Laptop,4,755.08
2024-03-26,North,Mouse,1,22.5
2024-03-27,South,Headset,9,72.56
2024-03-27,South,Mouse,4,26.62
2024-03-27,North,Laptop,2,804.12
2024-03-28,West,Mouse,6,26.6
2024-03-28,North,Laptop,7,734.17
2024-03-28,East,Mouse,3,26.26
2024-03-28,North,Mouse,8,26.25
2024-03-29,South,Keyboard,7,42.47
2024-03-29,North,Mouse,9,23.09
2024-03-29,West,Laptop,2,701.44
2024-03-29,North,Laptop,10,734.78
2024-03-29,East,Headset,11,74.2
2024-03-30,North,Keyboard,3,44.04
2024-03-30,West,Headset,11,85.97
2024-03-30,South,Monitor,6,207.72
2024-03-30,East,Headset,4,83.76
2024-03-30,North,Mouse,5,25.25
2024-03-30,West,Keyboard,8,40.74
2024-03-31,North,Headset,7,79.78
2024-03-31,East,Monitor,3,216.42
2024-03-31,West,Laptop,10,759.18
2024-03-31,North,Keyboard,2,42.94
2024-03-31,East,Laptop,4,759.61
2024-03-31,East,Webcam,4,54.79
2024-04-01,North,Monitor,9,237.36
2024-04-01,East,Webcam,2,64.68
2024-04-01,North,Keyboard,10,44.78
2024-04-02,South,Laptop,6,707.28
2024-04-02,East,Keyboard,3,46.62
2024-04-02,North,Monitor,5,202.36
2024-04-02,North,Laptop,5,701.42
2024-04-02,North,Laptop,2,804.04
2024-04-02,South,Keyboard,4,41.0
2024-04-02,East,Keyboard,11,42.88
2024-04-02,East,Keyboard,3,48.5
2024-04-03,West,Webcam,2,55.29
2024-04-03,North,Laptop,5,767.94
2024-04-03,North,Monitor,10,231.19
2024-04-04,West,Webcam,6,65.96
2024-04-04,South,Laptop,1,735.19
2024-04-04,South,Keyboard,11,45.69
2024-04-05,West,Headset,2,87.66
2024-04-05,South,Keyboard,4,44.94
2024-04-05,West,Headset,5,78.36
2024-04-05,West,Mouse,8,23.14
2024-04-05,South,Monitor,3,202.54
2024-04-05,West,Headset,7,81.43
2024-04-05,South,Webcam,5,59.18
2024-04-05,West,Mouse,9,27.13
2024-04-06,East,Keyboard,3,43.46
2024-04-06,South,Headset,7,79.39
2024-04-06,South,Mouse,5,25.27
2024-04-06,South,Headset,4,78.06
2024-04-06,East,Laptop,6,699.91
2024-04-06,East,Headset,5,75.43
2024-04-06,West,Mouse,6,26.28
2024-04-06,South,Mouse,10,27.14
2024-04-07,East,Laptop,8,682.89
2024-04-07,East,Headset,2,78.28
2024-04-07,West,Headset,7,72.07
2024-04-07,East,Laptop,11,777.06
2024-04-08,North,Laptop,2,786.52
2024-04-08,West,Monitor,6,218.49
2024-04-08,South,Laptop,11,793.0
2024-04-08,South,Headset,10,77.97
2024-04-08,West,Mouse,8,23.85
2024-04-08,North,Keyboard,9,44.97
2024-04-09,East,Monitor,11,240.4
2024-04-09,West,Headset,11,75.0
2024-04-09,East,Headset,10,77.99
2024-04-09,North,Laptop,6,796.64
2024-04-10,North,Mouse,9,27.41
2024-04-10,East,Headset,5,77.92
2024-04-10,North,Keyboard,10,41.57
2024-04-10,West,Monitor,10,210.51
2024-04-10,East,Monitor,1,236.47
2024-04-11,West,Mouse,5,24.82
2024-04-11,East,Mouse,2,25.84
2024-04-11,North,Keyboard,2,46.07
2024-04-12,East,Keyboard,11,45.2
2024-04-12,North,Keyboard,2,42.2
2024-04-12,South,Keyboard,6,41.37
2024-04-13,North,Keyboard,5,47.78
2024-04-13,West,Monitor,1,226.67
2024-04-13,West,Headset,4,82.15
2024-04-13,South,Laptop,5,680.38
2024-04-13,North,Mouse,6,27.47
2024-04-13,West,Mouse,1,26.03
2024-04-13,East,Monitor,5,237.73
2024-04-13,North,Monitor,11,234.85
2024-04-14,North,Monitor,1,234.73
2024-04-14,West,Laptop,1,755.23
2024-04-14,West,Headset,7,78.36
2024-04-14,West,Keyboard,2,41.07
2024-04-14,West,Monitor,4,206.33
2024-04-14,East,Monitor,3,240.43
2024-04-14,North,Webcam,10,62.49
2024-04-14,East,Webcam,7,65.71
2024-04-15,South,Headset,11,74.03
2024-04-15,West,Monitor,7,221.91
2024-04-15,West,Headset,5,87.55
2024-04-15,East,Webcam,6,59.48
2024-04-15,West,Keyboard,3,43.75
2024-04-15,South,Laptop,1,686.62
2024-04-15,East,Webcam,3,59.35
2024-04-15,West,Headset,7,72.56
2024-04-16,North,Headset,3,87.61
2024-04-16,West,Monitor,8,220.69
2024-04-16,West,Headset,11,75.78
2024-04-16,East,Laptop,11,698.04
2024-04-17,North,Monitor,5,223.02
2024-04-17,West,Monitor,6,225.54
2024-04-17,West,Monitor,10,233.23
2024-04-18,East,Headset,2,87.18
2024-04-18,South,Laptop,1,708.89
2024-04-18,South,Keyboard,10,49.01
2024-04-18,South,Monitor,9,221.78
2024-04-18,South,Monitor,3,212.11
2024-04-18,East,Monitor,8,217.13
2024-04-19,North,Webcam,8,56.03
2024-04-19,East,Headset,10,75.01
2024-04-19,North,Mouse,6,25.1
2024-04-19,North,Mouse,4,24.68
2024-04-19,West,Laptop,6,746.69
2024-04-19,West,Keyboard,9,41.1
2024-04-19,East,Monitor,3,226.05
2024-04-20,North,Mouse,11,24.85
2024-04-20,South,Headset,8,79.61
2024-04-20,North,Webcam,10,61.78
2024-04-20,East,Webcam,6,59.14
2024-04-20,East,Monitor,10,225.77
2024-04-20,South,Keyboard,9,46.46
2024-04-21,West,Headset,7,77.93
2024-04-21,South,Mouse,9,25.03
2024-04-21,North,Webcam,6,59.52
2024-04-21,North,Mouse,9,23.16
2024-04-21,South,Monitor,2,225.58
2024-04-21,East,Monitor,10,209.99
2024-04-21,East,Laptop,9,818.41
2024-04-22,South,Monitor,4,210.82
2024-04-22,East,Monitor,10,231.46
2024-04-22,North,Webcam,9,56.1
2024-04-23,West,Keyboard,5,41.83
2024-04-23,South,Monitor,4,203.6
2024-04-23,East,Mouse,2,26.03
2024-04-23,North,Keyboard,6,47.54
2024-04-23,East,Webcam,3,63.78
2024-04-24,South,Webcam,4,56.89
2024-04-24,South,Monitor,2,218.57
2024-04-24,South,Keyboard,11,42.67
2024-04-24,West,Monitor,4,210.0
2024-04-24,South,Laptop,8,740.82
2024-04-25,West,Keyboard,6,42.62
2024-04-25,West,Laptop,11,749.69
2024-04-25,East,Mouse,7,26.84
2024-04-25,West,Keyboard,7,48.51
2024-04-26,West,Mouse,9,24.8
2024-04-26,West,Laptop,7,677.37
2024-04-26,South,Keyboard,6,44.17
2024-04-26,South,Mouse,8,25.26
2024-04-26,West,Headset,2,75.6
2024-04-26,North,Webcam,9,64.17
2024-04-26,West,Webcam,10,64.68
2024-04-27,South,Laptop,5,715.21
2024-04-27,West,Mouse,5,27.19
2024-04-27,South,Headset,7,76.74
2024-04-28,North,Monitor,3,200.55
2024-04-28,East,Headset,1,78.45
2024-04-28,West,Laptop,8,703.79
2024-04-28,East,Monitor,11,233.73
2024-04-29,West,Headset,4,74.24
2024-04-29,East,Headset,9,75.76
2024-04-29,West,Monitor,7,240.44
2024-04-29,South,Laptop,5,739.88
2024-04-30,South,Webcam,9,63.26
2024-04-30,East,Keyboard,10,48.02
2024-04-30,North,Webcam,1,60.85
2024-04-30,South,Headset,3,72.62
2024-04-30,North,Headset,6,84.96
2024-04-30,West,Laptop,4,734.29
2024-04-30,East,Laptop,5,703.33
2024-05-01,North,Mouse,5,24.9
2024-05-01,East,Headset,9,82.28
2024-05-01,East,Laptop,11,736.78
2024-05-01,East,Keyboard,1,48.81
2024-05-02,West,Webcam,11,63.05
2024-05-02,North,Keyboard,6,42.31
2024-05-02,North,Monitor,3,218.41
2024-05-02,South,Monitor,9,237.93
2024-05-03,West,Mouse,3,23.87
2024-05-03,North,Monitor,1,203.94
2024-05-03,West,Mouse,5,23.62
2024-05-03,South,Headset,3,78.39
2024-05-03,North,Laptop,2,770.89
2024-05-03,South,Webcam,5,56.53
2024-05-04,East,Headset,1,85.57
2024-05-04,North,Mouse,1,26.84
2024-05-04,East,Monitor,6,225.23
2024-05-04,West,Mouse,2,26.4
2024-05-04,North,Headset,11,83.65
2024-05-04,South,Laptop,10,754.12
2024-05-04,West,Webcam,2,63.85
2024-05-04,East,Mouse,4,23.09
2024-05-05,North,Monitor,6,220.23
2024-05-05,East,Mouse,10,24.48
2024-05-05,West,Headset,11,75.95
2024-05-05,West,Webcam,3,62.14
2024-05-05,East,Webcam,3,63.54
2024-05-05,South,Headset,9,83.55
2024-05-05,West,Laptop,11,727.81
2024-05-05,South,Mouse,1,24.87
2024-05-06,North,Laptop,7,736.86
2024-05-06,West,Laptop,4,793.17
2024-05-06,East,Keyboard,6,49.32
2024-05-06,West,Webcam,4,63.24
2024-05-06,North,Keyboard,4,45.96
2024-05-06,East,Headset,10,72.39
2024-05-06,South,Monitor,4,229.32
2024-05-06,East,Mouse,6,22.78
2024-05-07,South,Webcam,10,54.37
2024-05-07,West,Keyboard,10,49.01
2024-05-07,North,Keyboard,9,42.82
2024-05-07,East,Headset,9,83.94
2024-05-07,West,Monitor,3,221.38
2024-05-08,West,Webcam,3,56.77
2024-05-08,South,Laptop,5,818.78
2024-05-08,East,Laptop,7,786.6
2024-05-08,West,Mouse,2,24.88
2024-05-08,South,Laptop,8,705.23
2024-05-09,West,Headset,9,77.59
2024-05-09,West,Mouse,3,23.21
2024-05-09,West,Monitor,10,238.56
2024-05-10,South,Webcam,2,56.54
2024-05-10,North,Laptop,5,693.02
2024-05-10,North,Laptop,11,686.11
2024-05-10,North,Laptop,9,799.09
2024-05-10,East,Laptop,9,769.64
2024-05-10,South,Headset,5,82.22
2024-05-10,East,Headset,8,79.16
2024-05-11,South,Monitor,6,205.47
2024-05-11,South,Webcam,5,57.13
2024-05-11,North,Webcam,3,64.1
2024-05-11,East,Monitor,8,228.19
2024-05-11,West,Headset,1,84.24
2024-05-11,North,Monitor,5,207.53
2024-05-11,East,Mouse,11,23.98
2024-05-12,East,Monitor,4,222.39
2024-05-12,South,Mouse,2,25.55
2024-05-12,East,Headset,2,83.1
2024-05-12,East,Webcam,7,62.19
2024-05-12,North,Webcam,5,58.91
2024-05-12,South,Laptop,4,708.36
2024-05-12,South,Webcam,9,56.84
2024-05-12,West,Webcam,1,60.55
2024-05-13,West,Keyboard,1,44.99
2024-05-13,East,Webcam,11,59.9
2024-05-13,West,Mouse,11,25.51
2024-05-13,East,Laptop,1,752.35
2024-05-13,East,Keyboard,4,48.8
2024-05-13,South,Mouse,6,27.31
2024-05-13,East,Keyboard,5,42.13
2024-05-14,North,Laptop,8,675.09
2024-05-14,South,Keyboard,9,47.1
2024-05-14,East,Laptop,11,760.5
2024-05-14,North,Laptop,11,700.1
2024-05-15,East,Monitor,4,226.23
2024-05-15,South,Keyboard,2,47.34
2024-05-15,North,Monitor,10,220.01
2024-05-15,North,Webcam,4,64.2
2024-05-15,West,Webcam,3,57.44
2024-05-16,South,Webcam,3,60.99
2024-05-16,West,Headset,2,87.84
2024-05-16,East,Keyboard,8,48.24
2024-05-16,South,Headset,5,75.26
2024-05-16,East,Webcam,10,57.64
2024-05-17,South,Monitor,11,241.34
2024-05-17,West,Headset,11,84.78
2024-05-17,South,Laptop,4,757.09
2024-05-17,North,Mouse,7,25.03
2024-05-17,East,Keyboard,5,47.24
2024-05-17,West,Keyboard,6,43.48
2024-05-17,North,Keyboard,3,48.15
2024-05-17,West,Keyboard,2,42.55
2024-05-18,West,Mouse,11,22.61
2024-05-18,South,Laptop,2,773.38
2024-05-18,West,Monitor,1,200.86
2024-05-18,North,Headset,7,72.35
2024-05-18,North,Headset,6,74.49
2024-05-18,East,Monitor,5,217.49
2024-05-18,South,Laptop,7,795.41
2024-05-19,North,Laptop,7,701.79
2024-05-19,West,Keyboard,7,41.85
2024-05-19,West,Monitor,2,227.04
2024-05-19,East,Monitor,7,239.94
2024-05-19,West,Keyboard,11,43.2
2024-05-19,South,Webcam,4,56.69
2024-05-19,East,Laptop,6,727.83
2024-05-19,East,Keyboard,1,44.45
2024-05-20,East,Monitor,7,232.17
2024-05-20,East,Webcam,1,62.54
2024-05-20,North,Headset,6,81.65
2024-05-20,East,Monitor,10,199.87
2024-05-20,North,Mouse,6,24.57
2024-05-20,North,Monitor,7,234.27
2024-05-21,South,Monitor,6,238.9
2024-05-21,North,Monitor,11,239.88
2024-05-21,East,Laptop,8,789.45
2024-05-21,West,Monitor,10,240.71
2024-05-21,North,Mouse,1,22.89
2024-05-21,West,Laptop,7,767.21
2024-05-21,South,Keyboard,6,45.65
2024-05-21,North,Mouse,9,22.88
2024-05-22,East,Monitor,10,218.79
2024-05-22,East,Mouse,11,24.06
2024-05-22,West,Laptop,9,730.35
2024-05-22,West,Monitor,9,207.66
2024-05-22,South,Mouse,11,26.17
2024-05-22,North,Monitor,8,235.82
2024-05-22,South,Monitor,10,208.63
2024-05-23,East,Keyboard,11,42.82
2024-05-23,North,Webcam,6,65.85
2024-05-23,North,Keyboard,1,46.57
2024-05-23,West,Keyboard,5,41.14
2024-05-23,South,Webcam,9,57.42
2024-05-23,East,Keyboard,9,48.11
2024-05-24,South,Headset,9,79.14
2024-05-24,West,Monitor,8,203.1
2024-05-24,South,Headset,4,79.83
2024-05-24,North,Monitor,2,228.25
2024-05-24,North,Laptop,6,717.99
2024-05-24,North,Monitor,5,216.23
2024-05-25,East,Monitor,4,199.41
2024-05-25,East,Mouse,4,24.37
2024-05-25,East,Webcam,2,54.17
2024-05-25,South,Monitor,4,218.09
2024-05-25,South,Webcam,9,58.53
2024-05-25,West,Mouse,2,25.47
2024-05-26,East,Mouse,10,24.22
2024-05-26,South,Webcam,2,63.39
2024-05-26,West,Headset,11,72.36
2024-05-27,North,Webcam,9,57.42
2024-05-27,West,Mouse,7,27.15
2024-05-27,West,Headset,5,72.68
2024-05-27,South,Headset,7,74.35
2024-05-27,West,Keyboard,3,49.39
2024-05-27,North,Laptop,5,801.4
2024-05-28,South,Laptop,6,821.71
2024-05-28,South,Keyboard,3,41.68
2024-05-28,North,Webcam,11,57.19
2024-05-28,West,Mouse,7,22.95
2024-05-28,South,Laptop,11,750.36
2024-05-28,West,Headset,10,76.14
2024-05-29,East,Headset,2,79.17
2024-05-29,South,Keyboard,10,44.01
2024-05-29,South,Mouse,3,27.38
2024-05-29,North,Webcam,4,54.37
2024-05-29,South,Keyboard,8,42.3
2024-05-29,East,Keyboard,2,46.57
2024-05-30,South,Mouse,4,24.24
2024-05-30,South,Webcam,8,59.6
2024-05-30,South,Laptop,10,760.79
2024-05-30,South,Monitor,5,237.6
2024-05-30,South,Webcam,1,59.94
2024-05-31,North,Headset,3,83.95
2024-05-31,South,Laptop,10,796.04
2024-05-31,West,Monitor,7,229.26
2024-05-31,South,Webcam,6,65.91
2024-05-31,South,Mouse,2,25.1
2024-05-31,West,Mouse,5,23.39
2024-06-01,South,Laptop,7,814.15
2024-06-01,South,Monitor,1,202.76
2024-06-01,West,Monitor,10,210.05
2024-06-01,North,Keyboard,4,42.24
2024-06-01,West,Keyboard,11,43.97
2024-06-01,South,Keyboard,4,41.31
2024-06-02,North,Monitor,3,231.29
2024-06-02,East,Headset,1,86.86
2024-06-02,East,Webcam,6,57.77
2024-06-02,North,Webcam,9,63.18
2024-06-02,West,Keyboard,10,44.41
2024-06-02,North,Webcam,9,63.68
2024-06-03,North,Headset,11,73.51
2024-06-03,West,Keyboard,9,41.34
2024-06-03,South,Mouse,8,22.67
2024-06-03,West,Webcam,9,61.23
2024-06-04,West,Keyboard,2,42.98
2024-06-04,West,Keyboard,8,40.88
2024-06-04,South,Keyboard,3,44.03
2024-06-04,West,Keyboard,3,48.41
2024-06-04,South,Headset,10,78.82
2024-06-04,West,Monitor,1,220.11
2024-06-05,South,Monitor,1,220.12
2024-06-05,North,Webcam,4,60.79
2024-06-05,East,Keyboard,11,47.92
2024-06-05,South,Webcam,11,63.42
2024-06-05,South,Headset,2,85.41
2024-06-06,West,Mouse,3,23.35
2024-06-06,West,Monitor,7,209.59
2024-06-06,North,Headset,4,73.84
2024-06-07,South,Webcam,4,54.71
2024-06-07,East,Monitor,9,200.97
2024-06-07,East,Mouse,1,23.79
2024-06-07,East,Keyboard,2,48.93
2024-06-07,South,Headset,3,74.98
2024-06-07,South,Laptop,7,782.71
2024-06-08,South,Keyboard,2,41.44
2024-06-08,East,Headset,4,79.29
2024-06-08,West,Monitor,6,238.58
2024-06-08,West,Laptop,7,692.1
2024-06-08,West,Mouse,11,24.07
2024-06-09,South,Webcam,5,58.99
2024-06-09,South,Monitor,10,237.53
2024-06-09,South,Keyboard,8,41.1
2024-06-09,East,Laptop,2,773.06
2024-06-10,East,Mouse,9,22.97
2024-06-10,West,Headset,9,86.02
2024-06-10,South,Laptop,11,723.02
2024-06-10,South,Headset,6,76.75
2024-06-10,West,Laptop,6,730.33
2024-06-11,East,Keyboard,8,42.27
2024-06-11,South,Monitor,7,215.08
2024-06-11,North,Keyboard,11,45.31
2024-06-11,West,Laptop,5,763.13
2024-06-12,West,Monitor,6,238.03
2024-06-12,West,Webcam,8,54.7
2024-06-12,South,Headset,8,87.79
2024-06-12,West,Keyboard,5,41.34
2024-06-13,North,Laptop,1,787.73
2024-06-13,East,Laptop,8,805.4
2024-06-13,East,Mouse,5,25.56
2024-06-13,West,Mouse,10,26.85
2024-06-13,North,Laptop,8,758.43
2024-06-13,North,Laptop,10,772.26
2024-06-14,South,Laptop,3,725.85
2024-06-14,East,Webcam,8,56.45
2024-06-14,North,Keyboard,10,47.38
2024-06-14,North,Monitor,3,210.86
2024-06-14,West,Laptop,8,766.58
2024-06-15,South,Mouse,4,22.7
2024-06-15,North,Webcam,10,54.52
2024-06-15,North,Headset,9,87.18
2024-06-15,South,Webcam,3,59.66
2024-06-16,West,Keyboard,9,43.42
2024-06-16,East,Mouse,5,25.49
2024-06-16,East,Headset,10,87.92
2024-06-16,North,Keyboard,5,42.13
2024-06-16,West,Keyboard,4,43.09
2024-06-17,North,Webcam,7,59.96
2024-06-17,West,Headset,1,73.07
2024-06-17,North,Keyboard,4,41.22
2024-06-17,South,Keyboard,11,42.38
2024-06-18,North,Laptop,7,749.7
2024-06-18,West,Mouse,4,24.38
2024-06-18,West,Monitor,2,216.85
2024-06-19,East,Monitor,10,214.26
2024-06-19,East,Mouse,4,22.85
2024-06-19,North,Webcam,1,62.73
2024-06-20,South,Laptop,8,684.96
2024-06-20,West,Headset,1,85.37
2024-06-20,North,Monitor,1,200.48
2024-06-20,East,Headset,6,75.76
2024-06-20,East,Webcam,5,63.55
2024-06-20,West,Keyboard,10,45.01
2024-06-20,West,Keyboard,2,47.98
2024-06-20,West,Laptop,2,746.65
2024-06-21,North,Mouse,9,25.93
2024-06-21,South,Webcam,5,58.4
2024-06-21,South,Mouse,5,24.81
2024-06-21,South,Webcam,4,57.01
2024-06-21,West,Keyboard,9,41.85
2024-06-21,West,Monitor,7,203.89
2024-06-21,South,Webcam,2,64.17
2024-06-21,North,Keyboard,2,40.58
2024-06-22,North,Monitor,9,241.44
2024-06-22,South,Laptop,2,787.21
2024-06-22,North,Headset,7,84.1
2024-06-23,South,Mouse,1,25.48
2024-06-23,North,Headset,5,76.12
2024-06-23,North,Mouse,2,25.28
2024-06-23,East,Mouse,8,26.46
2024-06-23,West,Keyboard,10,47.75
2024-06-23,North,Monitor,9,222.46
2024-06-23,South,Headset,4,86.91
2024-06-23,East,Webcam,6,65.7
2024-06-24,North,Mouse,4,24.94
2024-06-24,North,Keyboard,3,45.25
2024-06-24,North,Laptop,9,814.72
2024-06-24,North,Laptop,3,789.8
2024-06-24,West,Laptop,11,810.04
2024-06-25,North,Laptop,10,778.78
2024-06-25,East,Monitor,9,234.44
2024-06-25,West,Webcam,6,61.03
2024-06-25,South,Headset,8,87.31
2024-06-25,North,Mouse,5,25.82
2024-06-25,South,Webcam,9,65.97
2024-06-25,South,Laptop,8,705.36
2024-06-26,South,Keyboard,1,45.64
2024-06-26,North,Keyboard,5,45.75
2024-06-26,West,Mouse,7,25.79
2024-06-26,East,Monitor,8,232.77
2024-06-26,West,Mouse,1,25.19
2024-06-26,East,Webcam,2,57.28
2024-06-27,East,Headset,10,82.86
2024-06-27,South,Laptop,3,763.84
2024-06-27,North,Laptop,9,799.12
2024-06-27,South,Mouse,4,25.46
2024-06-27,South,Webcam,5,64.37
2024-06-27,North,Webcam,3,60.24
2024-06-27,South,Monitor,1,204.29
2024-06-27,South,Monitor,11,214.43
2024-06-28,South,Mouse,11,23.67
2024-06-28,North,Monitor,4,233.89
2024-06-28,West,Keyboard,9,47.45
2024-06-28,West,Mouse,2,25.54
2024-06-28,West,Headset,3,78.43
2024-06-28,North,Headset,11,86.14
2024-06-28,East,Mouse,8,25.26
2024-06-28,North,Webcam,10,59.98
2024-06-29,North,Mouse,8,27.25
2024-06-29,South,Webcam,10,57.33
2024-06-29,North,Mouse,11,27.19
2024-06-29,North,Mouse,10,25.71
2024-06-30,East,Keyboard,3,41.58
2024-06-30,North,Webcam,3,64.04
2024-06-30,South,Laptop,11,709.0
2024-06-30,East,Headset,3,74.61
2024-06-30,South,Mouse,9,24.34
2024-07-01,South,Headset,11,74.42
2024-07-01,West,Laptop,10,799.36
2024-07-01,South,Mouse,7,25.6
2024-07-01,East,Mouse,8,22.58
2024-07-01,North,Headset,2,81.37
2024-07-01,West,Laptop,5,676.86
2024-07-02,East,Monitor,6,217.23
2024-07-02,East,Keyboard,2,42.75
2024-07-02,East,Headset,5,87.52
2024-07-02,South,Monitor,11,212.07
2024-07-02,South,Mouse,6,25.0
2024-07-02,North,Mouse,4,27.25
2024-07-02,South,Mouse,8,22.63
2024-07-03,South,Monitor,6,199.36
2024-07-03,West,Mouse,2,25.89
2024-07-03,East,Monitor,6,224.57
2024-07-03,South,Keyboard,8,40.87
2024-07-04,South,Mouse,5,27.48
2024-07-04,North,Mouse,7,26.26
2024-07-04,South,Webcam,2,60.54
2024-07-05,South,Webcam,11,64.31
2024-07-05,North,Laptop,11,678.9
2024-07-05,South,Headset,8,73.23
2024-07-05,North,Keyboard,1,44.51
2024-07-05,West,Keyboard,3,41.99
2024-07-05,South,Laptop,5,790.15
2024-07-06,West,Webcam,8,55.49
2024-07-06,West,Monitor,6,238.19
2024-07-06,North,Keyboard,5,48.98
2024-07-06,East,Headset,10,78.58
2024-07-06,East,Mouse,6,26.27
2024-07-06,South,Laptop,6,696.62
2024-07-07,West,Monitor,1,227.31
2024-07-07,South,Monitor,10,234.05
2024-07-07,East,Keyboard,1,47.46
2024-07-07,South,Laptop,6,704.62
2024-07-07,South,Headset,11,85.17
2024-07-07,West,Keyboard,10,49.14
2024-07-08,North,Mouse,11,25.36
2024-07-08,North,Keyboard,4,45.54
2024-07-08,South,Laptop,4,711.2
2024-07-08,West,Laptop,10,749.48
2024-07-08,West,Mouse,7,25.1
2024-07-09,South,Monitor,6,207.21
2024-07-09,North,Webcam,8,56.38
2024-07-09,East,Webcam,9,60.9
2024-07-09,South,Headset,10,76.66
2024-07-10,South,Webcam,1,63.58
2024-07-10,East,Monitor,10,241.7
2024-07-10,North,Keyboard,5,47.83
2024-07-10,East,Laptop,5,814.04
2024-07-10,North,Keyboard,6,45.59
2024-07-10,North,Webcam,3,64.09
2024-07-10,East,Keyboard,7,44.05
2024-07-10,North,Monitor,6,233.46
2024-07-11,West,Mouse,1,25.37
2024-07-11,South,Keyboard,7,46.03
2024-07-11,South,Monitor,5,218.76
2024-07-11,South,Mouse,2,25.0
2024-07-11,South,Webcam,9,62.95
2024-07-12,South,Mouse,9,26.77
2024-07-12,South,Laptop,8,762.4
2024-07-12,South,Webcam,9,56.87
2024-07-13,East,Monitor,3,220.49
2024-07-13,North,Headset,1,78.1
2024-07-13,West,Monitor,11,236.49
2024-07-13,North,Laptop,6,797.95
2024-07-13,North,Headset,5,85.93
2024-07-13,West,Webcam,1,60.39
2024-07-13,South,Webcam,9,62.51
2024-07-14,South,Mouse,10,23.65
2024-07-14,South,Monitor,9,226.28
2024-07-14,West,Laptop,3,712.45
2024-07-15,North,Laptop,10,708.96
2024-07-15,South,Mouse,5,27.45
2024-07-15,North,Keyboard,7,45.11
2024-07-15,West,Webcam,8,58.26
2024-07-15,South,Keyboard,2,47.17
2024-07-15,West,Webcam,2,55.64
2024-07-15,South,Mouse,10,22.51
2024-07-16,South,Monitor,7,212.7
2024-07-16,East,Monitor,9,218.24
2024-07-16,North,Laptop,6,781.0
2024-07-16,North,Mouse,4,22.97
2024-07-16,West,Mouse,2,26.32
2024-07-16,West,Keyboard,2,47.54
2024-07-16,North,Webcam,3,59.96
2024-07-17,North,Headset,3,83.58
2024-07-17,East,Headset,7,73.29
2024-07-17,West,Keyboard,9,48.33
2024-07-17,East,Webcam,7,62.09
2024-07-17,East,Keyboard,8,48.77
2024-07-17,East,Laptop,1,722.36
2024-07-17,North,Mouse,11,24.73
2024-07-17,North,Webcam,9,64.09
2024-07-18,South,Laptop,3,794.93
2024-07-18,West,Laptop,1,788.11
2024-07-18,East,Keyboard,7,46.34
2024-07-18,East,Laptop,3,695.28
2024-07-18,South,Laptop,2,690.5
2024-07-18,East,Monitor,4,207.53
2024-07-18,West,Webcam,8,62.24
2024-07-18,East,Mouse,11,24.43
2024-07-19,West,Webcam,1,62.88
2024-07-19,North,Headset,1,85.55
2024-07-19,East,Mouse,7,24.27
2024-07-19,East,Webcam,4,63.24
2024-07-19,West,Laptop,6,684.2
2024-07-19,South,Mouse,4,23.1
2024-07-20,East,Monitor,9,230.17
2024-07-20,North,Headset,2,72.72
2024-07-20,North,Headset,5,83.1
2024-07-20,North,Keyboard,1,45.53
2024-07-21,South,Webcam,7,59.22
2024-07-21,North,Headset,8,76.6
2024-07-21,East,Mouse,1,27.28
2024-07-21,West,Headset,1,83.83
2024-07-21,South,Monitor,3,233.75
2024-07-21,East,Webcam,10,56.66
2024-07-22,East,Keyboard,9,47.94
2024-07-22,East,Keyboard,8,46.35
2024-07-22,South,Monitor,7,214.36
2024-07-22,North,Monitor,9,217.05
2024-07-22,East,Keyboard,9,42.71
2024-07-23,South,Mouse,7,23.66
2024-07-23,North,Laptop,9,731.47
2024-07-23,East,Keyboard,4,44.38
2024-07-23,West,Keyboard,4,47.32
2024-07-24,West,Keyboard,8,44.39
2024-07-24,North,Webcam,11,59.49
2024-07-24,South,Webcam,6,57.81
2024-07-24,East,Laptop,10,737.23
2024-07-25,West,Keyboard,4,45.51
2024-07-25,West,Monitor,1,225.34
2024-07-25,West,Keyboard,5,40.68
2024-07-26,West,Laptop,2,707.52
2024-07-26,South,Laptop,5,754.36
2024-07-26,East,Laptop,3,699.28
2024-07-26,North,Monitor,7,212.48
2024-07-27,East,Monitor,3,199.07
2024-07-27,South,Headset,8,73.73
2024-07-27,North,Monitor,2,241.18
2024-07-27,East,Mouse,6,25.55
2024-07-27,West,Webcam,1,65.69
2024-07-28,North,Headset,7,78.72
2024-07-28,North,Keyboard,4,48.88
2024-07-28,North,Keyboard,11,43.91
2024-07-28,East,Mouse,7,27.34
2024-07-28,North,Keyboard,11,45.61
2024-07-29,East,Headset,2,80.53
2024-07-29,North,Webcam,4,59.47
2024-07-29,North,Webcam,3,64.25
2024-07-29,West,Laptop,9,781.33
2024-07-29,West,Mouse,1,23.31
2024-07-29,North,Webcam,2,54.72
2024-07-30,South,Webcam,6,61.06
2024-07-30,South,Keyboard,8,45.85
2024-07-30,East,Monitor,8,222.78
2024-07-30,West,Headset,8,79.55
2024-07-30,East,Monitor,11,201.78
2024-07-30,North,Mouse,1,27.43
2024-07-31,North,Laptop,9,700.3
2024-07-31,East,Monitor,2,216.4
2024-07-31,South,Mouse,9,27.29
2024-07-31,East,Headset,2,74.46
2024-07-31,West,Monitor,2,238.19
2024-07-31,West,Mouse,8,24.18
2024-07-31,North,Mouse,1,23.74
2024-07-31,East,Headset,8,84.76
2024-08-01,West,Laptop,2,763.83
2024-08-01,South,Headset,6,77.13
2024-08-01,West,Monitor,11,223.25
2024-08-01,North,Monitor,6,226.64
2024-08-01,South,Laptop,11,814.59
2024-08-01,East,Keyboard,10,46.39
2024-08-01,East,Webcam,7,62.59
2024-08-01,West,Monitor,7,210.24
2024-08-02,North,Webcam,7,54.8
2024-08-02,East,Monitor,11,200.67
2024-08-02,East,Headset,2,81.77
2024-08-02,East,Webcam,2,63.86
2024-08-02,South,Headset,7,81.01
2024-08-02,North,Keyboard,2,46.4
2024-08-02,North,Headset,11,73.57
2024-08-03,West,Mouse,7,23.72
2024-08-03,South,Webcam,5,55.01
2024-08-03,West,Mouse,7,23.05
2024-08-03,South,Laptop,3,787.63
2024-08-03,South,Monitor,10,231.53
2024-08-03,South,Webcam,10,57.34
2024-08-04,West,Headset,7,73.46
2024-08-04,South,Keyboard,3,44.04
2024-08-04,South,Webcam,2,59.69
2024-08-04,East,Monitor,4,204.22
2024-08-04,South,Monitor,1,235.83
2024-08-04,East,Mouse,5,26.45
2024-08-04,South,Laptop,5,713.08
2024-08-05,North,Headset,8,83.3
2024-08-05,East,Headset,1,74.95
2024-08-05,East,Mouse,3,24.4
2024-08-05,West,Webcam,9,59.37
2024-08-06,East,Monitor,11,218.28
2024-08-06,South,Mouse,9,27.09
2024-08-06,North,Monitor,10,202.29
2024-08-06,West,Mouse,7,26.41
2024-08-06,East,Headset,6,81.88
2024-08-07,North,Headset,3,76.32
2024-08-07,North,Mouse,2,24.71
2024-08-07,North,Laptop,10,731.09
2024-08-07,North,Keyboard,8,44.19
2024-08-08,North,Webcam,4,59.38
2024-08-08,North,Mouse,11,26.58
2024-08-08,East,Webcam,1,64.43
2024-08-08,West,Mouse,4,25.55
2024-08-09,East,Webcam,3,56.66
2024-08-09,North,Laptop,4,773.9
2024-08-09,West,Webcam,9,57.8
2024-08-10,North,Keyboard,5,45.42
2024-08-10,West,Headset,2,86.0
2024-08-10,West,Monitor,10,240.44
2024-08-10,North,Keyboard,3,40.93
2024-08-10,North,Monitor,5,209.34
2024-08-10,North,Monitor,3,239.94
2024-08-10,North,Laptop,11,789.13
2024-08-10,South,Mouse,7,25.88
2024-08-11,East,Mouse,1,23.43
2024-08-11,West,Monitor,4,209.23
2024-08-11,South,Webcam,1,61.88
2024-08-11,South,Keyboard,7,41.94
2024-08-12,East,Webcam,3,57.27
2024-08-12,East,Laptop,9,724.86
2024-08-12,South,Webcam,5,56.29
2024-08-12,East,Monitor,3,221.84
2024-08-12,North,Mouse,8,27.22
2024-08-12,North,Keyboard,6,48.61
2024-08-12,North,Webcam,1,62.66
2024-08-13,West,Mouse,10,22.78
2024-08-13,North,Webcam,1,58.52
2024-08-13,South,Mouse,2,27.48
2024-08-13,North,Laptop,5,799.05
2024-08-13,East,Laptop,9,781.76
2024-08-13,North,Headset,4,74.94
2024-08-14,North,Mouse,9,24.27
2024-08-14,North,Keyboard,3,43.49
2024-08-14,North,Laptop,9,683.54
2024-08-15,South,Monitor,2,241.22
2024-08-15,West,Headset,2,83.44
2024-08-15,North,Mouse,3,25.95
2024-08-15,North,Laptop,3,686.5
2024-08-15,West,Mouse,8,27.43
2024-08-15,East,Monitor,8,241.32
2024-08-15,South,Webcam,2,54.48
2024-08-15,West,Webcam,5,54.05
2024-08-16,East,Mouse,11,23.79
2024-08-16,West,Keyboard,1,42.06
2024-08-16,North,Headset,1,83.63
2024-08-17,West,Laptop,2,718.25
2024-08-17,South,Monitor,3,199.18
2024-08-17,East,Keyboard,8,46.33
2024-08-18,South,Monitor,7,202.14
2024-08-18,East,Laptop,6,814.77
2024-08-18,West,Monitor,11,238.33
2024-08-18,East,Mouse,10,27.14
2024-08-18,South,Laptop,1,684.39
2024-08-18,North,Laptop,7,689.3
2024-08-18,South,Monitor,8,232.79
2024-08-19,East,Webcam,2,62.97
2024-08-19,South,Keyboard,9,40.62
2024-08-19,South,Laptop,4,716.14
2024-08-19,East,Webcam,4,63.12
2024-08-19,East,Monitor,2,233.54
2024-08-19,West,Webcam,4,56.34
2024-08-19,East,Keyboard,6,44.45
2024-08-19,North,Laptop,5,752.75
2024-08-20,East,Laptop,5,694.88
2024-08-20,West,Monitor,4,213.63
2024-08-20,East,Monitor,11,237.52
2024-08-21,East,Headset,2,76.8
2024-08-21,North,Headset,7,77.53
2024-08-21,South,Webcam,4,64.55
2024-08-21,South,Laptop,11,757.95
2024-08-21,South,Monitor,8,219.51
2024-08-21,North,Monitor,9,202.46
2024-08-22,South,Monitor,7,199.89
2024-08-22,North,Laptop,4,779.42
2024-08-22,North,Laptop,6,725.8
2024-08-22,North,Monitor,11,206.31
2024-08-22,West,Keyboard,11,41.76
2024-08-22,West,Headset,2,81.52
2024-08-22,East,Webcam,8,62.45
2024-08-23,West,Monitor,6,221.47
2024-08-23,North,Monitor,7,202.63
2024-08-23,East,Keyboard,1,42.98
2024-08-23,North,Laptop,10,703.61
2024-08-23,East,Laptop,7,738.16
2024-08-23,North,Laptop,6,740.01
2024-08-24,East,Webcam,7,60.95
2024-08-24,South,Monitor,6,240.52
2024-08-24,South,Webcam,10,59.96
2024-08-24,South,Laptop,1,816.38
2024-08-24,South,Monitor,10,209.26
2024-08-25,North,Webcam,11,54.57
2024-08-25,North,Monitor,1,224.38
2024-08-25,South,Laptop,9,815.01
2024-08-25,West,Mouse,7,25.58
2024-08-25,South,Monitor,3,200.81
2024-08-25,East,Headset,2,73.37
2024-08-25,West,Monitor,11,198.55
2024-08-25,South,Webcam,8,63.62
2024-08-26,East,Monitor,10,215.89
2024-08-26,North,Headset,7,80.1
2024-08-26,North,Laptop,11,716.25
2024-08-26,East,Laptop,5,711.4
2024-08-26,South,Monitor,4,221.09
2024-08-26,East,Headset,10,76.68
2024-08-27,North,Keyboard,5,47.9
2024-08-27,North,Monitor,2,220.13
2024-08-27,South,Webcam,2,63.55
2024-08-27,East,Headset,9,78.28
2024-08-27,West,Laptop,10,692.41
2024-08-27,North,Laptop,4,749.32
2024-08-28,South,Mouse,7,24.9
2024-08-28,East,Webcam,10,62.0
2024-08-28,South,Monitor,4,223.75
2024-08-28,West,Mouse,8,24.07
2024-08-29,East,Webcam,5,61.77
2024-08-29,North,Keyboard,5,48.53
2024-08-29,East,Laptop,1,803.27
2024-08-29,North,Keyboard,6,44.32
2024-08-30,North,Mouse,11,24.77
2024-08-30,South,Headset,2,76.59
2024-08-30,West,Keyboard,11,45.51
2024-08-30,East,Monitor,11,228.15
2024-08-30,East,Headset,11,79.03
2024-08-30,North,Monitor,5,204.08
2024-08-31,North,Headset,3,72.45
2024-08-31,East,Headset,11,73.2
2024-08-31,East,Laptop,6,778.79
2024-08-31,East,Headset,1,85.35
2024-08-31,South,Mouse,1,27.04
2024-08-31,West,Webcam,9,60.19
2024-08-31,South,Monitor,8,220.26
2024-09-01,West,Mouse,6,23.17
2024-09-01,East,Mouse,1,24.0
2024-09-01,East,Monitor,1,225.28
2024-09-02,East,Laptop,4,802.54
2024-09-02,West,Keyboard,4,46.43
2024-09-02,North,Keyboard,4,41.89
2024-09-02,East,Webcam,1,64.54
2024-09-02,East,Headset,8,85.15
2024-09-02,East,Monitor,7,241.32
2024-09-02,South,Monitor,2,201.34
2024-09-03,West,Monitor,5,212.18
2024-09-03,North,Mouse,7,23.82
2024-09-03,West,Monitor,10,199.78
2024-09-03,South,Laptop,10,725.5
2024-09-03,North,Webcam,3,63.08
2024-09-03,South,Headset,10,83.07
2024-09-04,East,Mouse,1,22.68
2024-09-04,North,Headset,4,84.52
2024-09-04,West,Monitor,10,198.9
2024-09-04,North,Webcam,6,59.41
2024-09-04,West,Keyboard,1,43.09
2024-09-04,East,Webcam,1,63.52
2024-09-04,East,Keyboard,4,43.29
2024-09-05,West,Webcam,5,59.37
2024-09-05,West,Mouse,5,24.55
2024-09-05,East,Webcam,5,63.92
2024-09-05,South,Headset,4,86.91
2024-09-05,East,Monitor,5,229.03
2024-09-05,North,Headset,7,81.01
2024-09-05,East,Monitor,9,227.76
2024-09-06,East,Webcam,3,59.98
2024-09-06,South,Mouse,11,22.51
2024-09-06,West,Mouse,7,23.15
2024-09-06,East,Webcam,9,62.6
2024-09-07,South,Keyboard,10,48.19
2024-09-07,South,Headset,7,72.01
2024-09-07,East,Mouse,1,26.09
2024-09-07,East,Webcam,6,63.72
2024-09-07,East,Webcam,6,57.34
2024-09-07,West,Mouse,8,27.44
2024-09-07,North,Headset,10,86.7
2024-09-08,West,Mouse,1,23.36
2024-09-08,East,Webcam,9,60.25
2024-09-08,East,Headset,7,73.75
2024-09-08,South,Webcam,6,59.19
2024-09-08,East,Laptop,5,698.03
2024-09-08,West,Headset,6,72.78
2024-09-08,West,Laptop,1,746.02
2024-09-09,East,Webcam,7,63.54
2024-09-09,North,Webcam,7,55.85
2024-09-09,North,Monitor,9,237.11
2024-09-10,East,Headset,2,75.6
2024-09-10,South,Mouse,6,24.9
2024-09-10,West,Headset,3,73.83
2024-09-10,West,Keyboard,10,45.48
2024-09-10,South,Keyboard,4,45.17
2024-09-10,South,Laptop,9,749.74
2024-09-11,West,Mouse,7,25.07
2024-09-11,East,Webcam,1,60.05
2024-09-11,West,Headset,3,87.57
2024-09-11,South,Webcam,1,64.33
2024-09-11,South,Mouse,10,24.03
2024-09-11,North,Webcam,3,55.69
2024-09-12,West,Keyboard,7,43.4
2024-09-12,South,Laptop,10,713.5
2024-09-12,East,Webcam,1,54.88
2024-09-12,West,Mouse,9,24.51
2024-09-13,East,Keyboard,11,47.71
2024-09-13,West,Keyboard,9,44.86
2024-09-13,West,Keyboard,4,47.73
2024-09-13,North,Monitor,6,233.46
2024-09-13,North,Monitor,1,241.9
2024-09-13,East,Headset,4,86.13
2024-09-14,North,Keyboard,3,43.08
2024-09-14,North,Laptop,6,708.01
2024-09-14,South,Headset,6,72.06
2024-09-14,North,Monitor,3,206.75
2024-09-14,South,Monitor,5,226.87
2024-09-14,South,Mouse,7,26.95
2024-09-14,West,Mouse,5,25.97
2024-09-14,South,Keyboard,2,43.39
2024-09-15,West,Mouse,7,23.89
2024-09-15,East,Keyboard,5,48.02
2024-09-15,East,Keyboard,7,48.47
2024-09-15,North,Webcam,2,61.71
2024-09-16,North,Laptop,6,819.77
2024-09-16,East,Webcam,5,61.07
2024-09-16,South,Laptop,1,798.32
2024-09-16,North,Monitor,9,221.51
2024-09-17,South,Webcam,1,63.79
2024-09-17,East,Monitor,8,200.28
2024-09-17,West,Monitor,4,215.13
2024-09-17,South,Monitor,9,235.8
2024-09-17,South,Headset,3,76.95
2024-09-17,East,Monitor,10,211.98
2024-09-18,East,Laptop,8,737.56
2024-09-18,West,Mouse,1,23.56
2024-09-18,West,Headset,3,86.24
2024-09-19,South,Monitor,4,216.47
2024-09-19,North,Keyboard,2,43.92
2024-09-19,North,Mouse,10,24.3
2024-09-19,East,Webcam,4,58.15
2024-09-19,West,Webcam,5,64.54
2024-09-19,South,Headset,7,76.45
2024-09-19,West,Laptop,1,785.68
2024-09-20,West,Keyboard,1,44.88
2024-09-20,North,Webcam,2,58.18
2024-09-20,South,Headset,4,81.84
2024-09-20,South,Webcam,1,61.2
2024-09-21,North,Webcam,6,63.02
2024-09-21,West,Keyboard,7,43.19
2024-09-21,North,Keyboard,1,44.37
2024-09-21,East,Headset,5,75.91
2024-09-21,East,Headset,8,72.97
2024-09-21,North,Laptop,3,724.69
2024-09-22,West,Keyboard,8,47.11
2024-09-22,West,Monitor,9,241.66
2024-09-22,East,Webcam,10,64.23
2024-09-22,West,Keyboard,9,47.72
2024-09-22,West,Headset,2,79.6
2024-09-22,East,Mouse,6,26.76
2024-09-22,North,Keyboard,9,47.88
2024-09-23,West,Headset,7,75.98
2024-09-23,East,Laptop,9,815.44
2024-09-23,North,Headset,8,81.18
2024-09-23,East,Headset,2,87.6
2024-09-23,North,Monitor,11,229.89
2024-09-23,West,Webcam,5,56.53
2024-09-23,South,Monitor,9,235.69
2024-09-24,North,Laptop,3,782.55
2024-09-24,South,Headset,10,76.95
2024-09-24,East,Monitor,9,201.73
2024-09-24,East,Webcam,5,63.02
2024-09-24,East,Keyboard,6,43.59
2024-09-24,South,Monitor,4,238.83
2024-09-25,North,Laptop,11,724.04
2024-09-25,South,Laptop,9,712.3
2024-09-25,North,Keyboard,9,45.11
2024-09-25,North,Keyboard,4,46.46
2024-09-26,East,Headset,5,87.38
2024-09-26,East,Mouse,9,26.46
2024-09-26,South,Keyboard,7,46.84
2024-09-26,North,Webcam,9,65.54
2024-09-26,East,Laptop,4,800.42
2024-09-26,West,Keyboard,3,45.22
2024-09-27,West,Monitor,11,203.63
2024-09-27,West,Keyboard,1,46.78
2024-09-27,North,Webcam,4,54.28
2024-09-27,West,Laptop,2,759.35
2024-09-27,East,Mouse,8,26.39
2024-09-27,East,Keyboard,2,42.96
2024-09-27,North,Monitor,3,211.75
2024-09-28,North,Monitor,1,204.93
2024-09-28,South,Mouse,7,25.65
2024-09-28,West,Monitor,9,222.98
2024-09-28,West,Laptop,3,759.61
2024-09-28,North,Webcam,5,58.68
2024-09-28,West,Keyboard,2,43.02
2024-09-29,West,Headset,5,84.3
2024-09-29,East,Laptop,6,679.66
2024-09-29,East,Webcam,4,60.54
2024-09-29,South,Laptop,4,815.34
2024-09-29,East,Mouse,5,24.88
2024-09-29,East,Webcam,5,59.64
2024-09-29,South,Monitor,8,217.35
2024-09-30,West,Laptop,5,794.25
2024-09-30,South,Keyboard,8,46.28
2024-09-30,East,Mouse,1,25.54
2024-09-30,West,Headset,6,83.72
2024-09-30,East,Webcam,1,56.84
2024-09-30,South,Mouse,5,23.89
2024-09-30,West,Keyboard,5,44.02
2024-10-01,South,Monitor,2,233.39
2024-10-01,South,Webcam,8,54.98
2024-10-01,North,Keyboard,10,40.75
2024-10-01,East,Laptop,4,817.39
2024-10-01,East,Monitor,1,222.81
2024-10-01,South,Laptop,7,745.06
2024-10-02,South,Headset,3,73.78
2024-10-02,West,Laptop,8,824.86
2024-10-02,South,Monitor,1,239.93
2024-10-03,North,Webcam,5,62.61
2024-10-03,East,Headset,10,83.41
2024-10-03,South,Monitor,11,199.73
2024-10-04,West,Laptop,10,814.34
2024-10-04,South,Monitor,10,204.27
2024-10-04,East,Keyboard,6,45.21
2024-10-04,West,Headset,9,81.92
2024-10-04,South,Laptop,5,695.02
2024-10-04,East,Monitor,9,204.31
2024-10-05,West,Webcam,2,60.36
2024-10-05,South,Mouse,8,26.56
2024-10-05,South,Headset,8,80.75
2024-10-05,West,Laptop,6,746.18
2024-10-05,West,Headset,7,78.18
2024-10-05,South,Monitor,4,220.82
2024-10-05,West,Mouse,9,25.8
2024-10-06,South,Monitor,2,236.14
2024-10-06,South,Monitor,11,207.12
2024-10-06,South,Mouse,9,25.18
2024-10-06,West,Laptop,2,811.49
2024-10-06,East,Mouse,3,25.43
2024-10-07,East,Laptop,1,749.56
2024-10-07,South,Keyboard,4,46.34
2024-10-07,South,Keyboard,4,41.34
2024-10-07,North,Headset,3,75.05
2024-10-07,South,Mouse,3,23.39
2024-10-07,West,Monitor,3,202.01
2024-10-08,West,Headset,4,78.81
2024-10-08,South,Headset,9,87.11
2024-10-08,East,Laptop,1,764.0
2024-10-08,North,Headset,8,87.15
2024-10-08,North,Laptop,5,722.33
2024-10-08,East,Laptop,11,779.22
2024-10-08,South,Headset,4,73.45
2024-10-08,South,Keyboard,3,41.92
2024-10-09,North,Laptop,7,818.08
2024-10-09,North,Headset,6,75.15
2024-10-09,East,Laptop,11,705.35
2024-10-09,North,Mouse,2,24.97
2024-10-09,West,Mouse,7,22.94
2024-10-10,North,Mouse,1,23.67
2024-10-10,South,Monitor,1,207.69
2024-10-10,North,Keyboard,6,49.41
2024-10-10,West,Headset,11,78.77
2024-10-10,East,Laptop,1,723.54
2024-10-11,North,Laptop,10,689.29
2024-10-11,South,Webcam,4,56.16
2024-10-11,East,Webcam,11,58.29
2024-10-11,West,Keyboard,3,45.35
2024-10-12,North,Laptop,6,697.87
2024-10-12,South,Laptop,4,766.83
2024-10-12,South,Headset,2,86.88
2024-10-12,East,Laptop,3,759.77
2024-10-12,East,Mouse,3,24.76
2024-10-12,West,Laptop,10,783.19
2024-10-13,West,Monitor,5,211.85
2024-10-13,West,Webcam,9,65.36
2024-10-13,South,Mouse,7,25.81
2024-10-13,South,Mouse,10,25.05
2024-10-14,South,Webcam,8,60.55
2024-10-14,West,Laptop,8,733.91
2024-10-14,South,Webcam,10,58.55
2024-10-14,North,Webcam,6,59.31
2024-10-15,East,Laptop,9,813.7
2024-10-15,South,Mouse,3,23.71
2024-10-15,South,Monitor,1,214.14
2024-10-15,East,Keyboard,11,46.52
2024-10-15,North,Mouse,8,24.74
2024-10-15,West,Monitor,10,210.89
2024-10-15,South,Headset,5,78.32
2024-10-16,South,Headset,9,83.26
2024-10-16,North,Keyboard,7,41.57
2024-10-16,North,Webcam,9,57.38
2024-10-16,East,Webcam,11,56.17
2024-10-16,West,Keyboard,7,46.32
2024-10-16,South,Headset,2,72.47
2024-10-16,West,Keyboard,5,46.34
2024-10-17,North,Laptop,2,742.6
2024-10-17,South,Keyboard,4,47.06
2024-10-17,North,Monitor,10,221.77
2024-10-17,West,Monitor,6,225.15
2024-10-17,North,Laptop,6,701.72
2024-10-17,North,Webcam,9,64.03
2024-10-18,North,Laptop,3,723.48
2024-10-18,North,Mouse,4,25.61
2024-10-18,East,Mouse,10,23.98
2024-10-18,East,Mouse,6,25.3
2024-10-18,South,Monitor,10,202.2
2024-10-19,East,Laptop,9,812.3
2024-10-19,South,Mouse,7,24.11
2024-10-19,West,Headset,9,80.01
2024-10-19,South,Webcam,10,57.21
2024-10-19,East,Keyboard,10,43.36
2024-10-19,East,Keyboard,7,49.06
2024-10-19,West,Mouse,10,24.43
2024-10-19,South,Headset,1,74.44
2024-10-20,West,Keyboard,6,47.69
2024-10-20,West,Mouse,9,25.63
2024-10-20,North,Keyboard,2,45.09
2024-10-20,East,Keyboard,1,45.03
2024-10-20,North,Headset,2,83.35
2024-10-20,West,Mouse,5,25.14
2024-10-21,North,Laptop,5,746.16
2024-10-21,South,Monitor,2,199.37
2024-10-21,East,Webcam,5,58.99
2024-10-21,West,Monitor,4,221.66
2024-10-21,South,Keyboard,6,45.73
2024-10-21,North,Laptop,1,811.15
2024-10-21,North,Webcam,5,56.49
2024-10-22,East,Mouse,4,26.8
2024-10-22,South,Keyboard,1,46.25
2024-10-22,North,Webcam,1,58.85
2024-10-22,South,Mouse,10,24.8
2024-10-22,West,Monitor,8,241.81
2024-10-22,South,Monitor,2,232.72
2024-10-23,South,Mouse,11,27.43
2024-10-23,East,Webcam,10,62.71
2024-10-23,West,Laptop,4,779.91
2024-10-23,South,Keyboard,11,47.76
2024-10-23,East,Laptop,2,695.09
2024-10-23,North,Headset,6,73.29
2024-10-24,East,Headset,7,85.37
2024-10-24,West,Monitor,11,220.84
2024-10-24,North,Laptop,10,701.25
2024-10-24,West,Laptop,1,705.76
2024-10-24,West,Headset,2,81.83
2024-10-25,East,Headset,9,75.04
2024-10-25,East,Laptop,9,742.32
2024-10-25,North,Webcam,8,58.28
2024-10-26,South,Monitor,2,222.97
2024-10-26,North,Monitor,4,227.88
2024-10-26,North,Monitor,11,228.12
2024-10-27,North,Monitor,1,212.72
2024-10-27,South,Laptop,7,707.76
2024-10-27,West,Webcam,7,56.12
2024-10-27,West,Mouse,9,23.78
2024-10-27,West,Webcam,1,62.79
2024-10-28,West,Webcam,1,56.06
2024-10-28,South,Keyboard,6,48.31
2024-10-28,East,Mouse,8,26.42
2024-10-28,West,Webcam,6,59.72
2024-10-28,East,Mouse,8,23.82
2024-10-29,West,Monitor,1,206.61
2024-10-29,East,Webcam,4,58.08
2024-10-29,North,Laptop,3,754.61
2024-10-29,North,Headset,10,73.13
2024-10-29,North,Mouse,6,27.28
2024-10-30,South,Mouse,11,26.94
2024-10-30,South,Monitor,11,233.95
2024-10-30,East,Webcam,6,59.07
2024-10-30,South,Webcam,1,63.52
2024-10-30,West,Mouse,11,24.89
2024-10-30,North,Webcam,2,64.35
2024-10-30,North,Headset,1,78.48
2024-10-30,West,Headset,7,76.63
2024-10-31,West,Laptop,2,728.3
2024-10-31,East,Webcam,2,64.76
2024-10-31,West,Laptop,11,811.47
2024-10-31,North,Mouse,11,25.52
2024-10-31,North,Laptop,3,684.79
2024-10-31,North,Webcam,7,63.71
2024-10-31,South,Keyboard,2,44.5
2024-11-01,East,Monitor,8,218.76
2024-11-01,South,Webcam,4,65.97
2024-11-01,South,Webcam,1,55.51
2024-11-01,South,Mouse,9,24.22
2024-11-01,West,Laptop,7,753.05
2024-11-01,West,Webcam,9,57.1
2024-11-01,West,Monitor,1,225.27
2024-11-01,South,Headset,1,84.61
2024-11-01,West,Webcam,5,63.89
2024-11-01,West,Mouse,8,25.59
2024-11-01,North,Webcam,3,60.61
2024-11-02,North,Webcam,3,64.08
2024-11-02,West,Headset,2,87.04
2024-11-02,South,Laptop,1,746.11
2024-11-02,West,Webcam,1,54.22
2024-11-02,West,Laptop,7,751.69
2024-11-02,West,Headset,2,73.99
2024-11-03,North,Monitor,4,230.13
2024-11-03,West,Headset,9,86.03
2024-11-03,East,Mouse,7,26.66
2024-11-03,North,Headset,1,82.5
2024-11-03,East,Laptop,3,808.87
2024-11-03,East,Headset,11,77.02
2024-11-03,East,Keyboard,8,47.18
2024-11-03,North,Webcam,6,61.91
2024-11-03,West,Headset,7,83.92
2024-11-03,North,Keyboard,6,45.8
2024-11-03,South,Laptop,1,739.79
2024-11-04,North,Keyboard,6,41.99
2024-11-04,West,Mouse,5,23.35
2024-11-04,East,Webcam,3,64.76
2024-11-04,North,Laptop,9,753.3
2024-11-04,South,Monitor,3,218.75
2024-11-04,North,Headset,6,86.64
2024-11-04,South,Mouse,2,26.1
2024-11-04,North,Mouse,2,23.51
2024-11-04,West,Monitor,6,226.75
2024-11-05,East,Keyboard,5,42.12
2024-11-05,West,Keyboard,2,47.5
2024-11-05,East,Webcam,6,62.96
2024-11-05,North,Mouse,4,24.84
2024-11-05,West,Mouse,6,27.1
2024-11-05,South,Keyboard,10,41.97
2024-11-06,East,Laptop,3,786.37
2024-11-06,North,Mouse,3,26.38
2024-11-06,West,Mouse,4,22.57
2024-11-06,North,Webcam,6,57.66
2024-11-06,East,Monitor,3,225.0
2024-11-06,North,Keyboard,7,43.91
2024-11-06,East,Monitor,2,204.08
2024-11-06,North,Monitor,1,211.56
2024-11-07,West,Webcam,9,58.46
2024-11-07,East,Laptop,7,799.31
2024-11-07,South,Monitor,4,211.04
2024-11-07,South,Keyboard,1,43.33
2024-11-07,North,Headset,7,86.59
2024-11-07,North,Headset,6,78.1
2024-11-07,South,Keyboard,9,45.49
2024-11-07,North,Laptop,10,821.05
2024-11-07,East,Mouse,4,25.8
2024-11-07,East,Monitor,4,204.56
2024-11-07,East,Mouse,8,22.72
2024-11-07,West,Webcam,5,58.98
2024-11-08,North,Headset,10,74.8
2024-11-08,North,Mouse,2,25.79
2024-11-08,West,Headset,2,75.77
2024-11-08,West,Headset,4,82.37
2024-11-08,North,Laptop,2,749.35
2024-11-08,East,Keyboard,6,42.64
2024-11-08,East,Webcam,5,65.64
2024-11-08,South,Headset,7,84.65
2024-11-09,South,Headset,4,76.48
2024-11-09,West,Monitor,2,210.69
2024-11-09,West,Mouse,10,25.12
2024-11-09,West,Monitor,11,202.72
2024-11-09,North,Monitor,11,213.73
2024-11-09,South,Laptop,6,803.43
2024-11-09,North,Webcam,8,54.23
2024-11-09,South,Webcam,7,59.52
2024-11-09,North,Laptop,9,734.62
2024-11-10,North,Keyboard,9,43.39
2024-11-10,West,Mouse,10,25.08
2024-11-10,West,Headset,2,73.83
2024-11-10,North,Monitor,10,216.97
2024-11-10,South,Mouse,9,23.73
2024-11-10,East,Laptop,11,737.07
2024-11-10,West,Headset,10,83.73
2024-11-10,North,Mouse,11,26.12
2024-11-10,East,Headset,3,80.81
2024-11-10,East,Webcam,7,57.81
2024-11-11,South,Mouse,6,22.95
2024-11-11,North,Mouse,8,26.83
2024-11-11,North,Laptop,5,682.3
2024-11-11,North,Laptop,8,823.45
2024-11-11,South,Laptop,4,716.23
2024-11-11,East,Headset,2,76.04
2024-11-11,East,Keyboard,4,41.13
2024-11-11,South,Webcam,6,54.02
2024-11-11,East,Keyboard,3,47.21
2024-11-11,West,Webcam,5,62.69
2024-11-11,North,Keyboard,8,49.41
2024-11-12,North,Monitor,2,233.8
2024-11-12,North,Mouse,8,26.28
2024-11-12,North,Laptop,11,758.06
2024-11-12,East,Mouse,4,26.88
2024-11-12,West,Laptop,5,729.63
2024-11-12,West,Headset,3,85.14
2024-11-12,West,Laptop,7,748.38
2024-11-12,North,Webcam,8,63.49
2024-11-12,West,Headset,8,87.7
2024-11-12,East,Mouse,9,25.03
2024-11-13,North,Mouse,10,26.92
2024-11-13,North,Headset,6,83.68
2024-11-13,North,Monitor,2,207.3
2024-11-13,West,Headset,5,74.91
2024-11-13,West,Monitor,5,215.48
2024-11-13,East,Keyboard,11,49.38
2024-11-13,South,Mouse,9,26.0
2024-11-13,South,Headset,10,75.48
2024-11-13,East,Laptop,2,820.99
2024-11-13,West,Keyboard,4,46.58
2024-11-14,West,Monitor,7,210.62
2024-11-14,North,Keyboard,7,44.52
2024-11-14,East,Mouse,8,23.58
2024-11-14,West,Webcam,8,64.8
2024-11-14,East,Laptop,4,768.43
2024-11-14,West,Headset,4,75.12
2024-11-14,North,Monitor,2,210.01
2024-11-14,South,Mouse,4,23.86
2024-11-14,East,Mouse,10,22.77
2024-11-14,South,Laptop,8,701.38
2024-11-15,East,Monitor,1,198.04
2024-11-15,South,Keyboard,1,42.96
2024-11-15,East,Headset,3,86.69
2024-11-15,North,Webcam,4,59.56
2024-11-15,North,Headset,5,84.84
2024-11-15,North,Webcam,2,59.0
2024-11-15,West,Headset,2,86.11
2024-11-15,North,Headset,7,74.49
2024-11-15,South,Webcam,5,65.0
2024-11-15,South,Laptop,1,761.89
2024-11-16,East,Webcam,5,58.08
2024-11-16,West,Webcam,4,55.89
2024-11-16,South,Monitor,10,199.54
2024-11-16,South,Laptop,8,696.34
2024-11-16,North,Laptop,8,694.86
2024-11-16,North,Webcam,10,65.33
2024-11-17,South,Webcam,9,62.85
2024-11-17,West,Monitor,4,210.56
2024-11-17,South,Keyboard,9,48.21
2024-11-17,East,Laptop,6,711.68
2024-11-17,South,Webcam,5,64.25
2024-11-17,South,Keyboard,8,44.1
2024-11-17,North,Keyboard,10,45.22
2024-11-17,West,Keyboard,11,44.5
2024-11-17,West,Keyboard,3,43.86
2024-11-17,North,Headset,4,73.38
2024-11-18,South,Monitor,6,213.24
2024-11-18,West,Keyboard,3,46.01
2024-11-18,South,Headset,1,81.07
2024-11-18,North,Headset,4,81.45
2024-11-18,North,Mouse,5,23.24
2024-11-18,South,Monitor,6,209.76
2024-11-18,West,Mouse,9,22.85
2024-11-18,South,Webcam,9,57.11
2024-11-18,North,Mouse,2,24.55
2024-11-19,West,Laptop,4,710.5
2024-11-19,West,Headset,9,83.94
2024-11-19,East,Monitor,1,203.77
2024-11-19,South,Mouse,1,23.55
2024-11-19,North,Keyboard,9,43.07
2024-11-19,East,Laptop,6,680.46
2024-11-19,South,Mouse,7,26.84
2024-11-20,West,Monitor,1,221.31
2024-11-20,South,Monitor,6,238.66
2024-11-20,North,Mouse,7,24.58
2024-11-20,West,Keyboard,1,48.89
2024-11-20,South,Mouse,6,25.02
2024-11-20,West,Webcam,6,59.26
2024-11-20,East,Monitor,1,226.99
2024-11-20,East,Webcam,3,62.51
2024-11-20,North,Mouse,8,24.49
2024-11-20,North,Laptop,5,675.91
2024-11-21,South,Keyboard,9,41.24
2024-11-21,South,Webcam,8,57.7
2024-11-21,East,Headset,3,86.66
2024-11-21,East,Keyboard,11,48.31
2024-11-21,North,Monitor,4,230.98
2024-11-21,North,Laptop,8,748.66
2024-11-21,West,Laptop,11,716.13
2024-11-21,West,Mouse,4,23.41
2024-11-21,West,Monitor,8,219.09
2024-11-22,West,Mouse,5,23.54
2024-11-22,South,Laptop,6,744.39
2024-11-22,West,Headset,9,78.54
2024-11-22,East,Mouse,5,24.68
2024-11-22,East,Monitor,6,227.96
2024-11-22,West,Mouse,8,27.2
2024-11-22,South,Laptop,1,710.46
2024-11-22,East,Mouse,10,25.2
2024-11-22,East,Keyboard,8,42.97
2024-11-22,South,Mouse,11,26.02
2024-11-22,South,Monitor,5,205.87
2024-11-22,West,Keyboard,9,47.58
2024-11-23,East,Laptop,4,777.34
2024-11-23,East,Webcam,8,57.99
2024-11-23,West,Headset,1,72.17
2024-11-23,West,Laptop,1,698.4
2024-11-23,West,Keyboard,5,42.97
2024-11-23,East,Keyboard,1,44.05
2024-11-23,South,Mouse,2,25.78
2024-11-23,South,Laptop,1,791.31
2024-11-23,North,Keyboard,9,47.75
2024-11-23,South,Laptop,2,688.01
2024-11-24,South,Webcam,7,54.28
2024-11-24,East,Monitor,2,220.24
2024-11-24,West,Monitor,3,232.11
2024-11-24,West,Mouse,7,23.08
2024-11-24,South,Keyboard,3,44.48
2024-11-24,West,Mouse,6,24.67
2024-11-24,North,Mouse,8,25.42
2024-11-24,East,Mouse,9,25.27
2024-11-24,North,Mouse,8,24.44
2024-11-24,West,Keyboard,11,41.85
2024-11-24,East,Webcam,7,58.08
2024-11-24,East,Headset,10,85.53
2024-11-25,East,Headset,5,88.0
2024-11-25,South,Monitor,6,210.34
2024-11-25,South,Mouse,3,25.96
2024-11-25,North,Keyboard,11,42.49
2024-11-25,East,Mouse,10,26.46
2024-11-26,East,Monitor,10,205.92
2024-11-26,West,Laptop,8,760.82
2024-11-26,South,Headset,3,73.95
2024-11-26,East,Keyboard,3,41.59
2024-11-26,North,Keyboard,11,43.99
2024-11-26,West,Headset,4,85.04
2024-11-26,South,Webcam,7,62.02
2024-11-26,West,Laptop,5,733.45
2024-11-26,East,Laptop,7,716.36
2024-11-26,West,Mouse,6,24.21
2024-11-27,East,Keyboard,4,46.95
2024-11-27,South,Mouse,9,25.65
2024-11-27,East,Webcam,6,57.01
2024-11-27,East,Mouse,2,24.32
2024-11-27,West,Webcam,6,61.58
2024-11-27,North,Keyboard,10,40.98
2024-11-27,North,Mouse,11,27.42
2024-11-27,East,Mouse,9,25.48
2024-11-27,South,Webcam,8,61.87
2024-11-27,East,Mouse,3,26.21
2024-11-28,West,Headset,11,75.64
2024-11-28,North,Keyboard,10,42.69
2024-11-28,North,Keyboard,3,46.93
2024-11-28,North,Webcam,2,59.84
2024-11-28,East,Monitor,4,208.37
2024-11-28,North,Laptop,5,722.74
2024-11-28,East,Laptop,7,768.18
2024-11-28,East,Webcam,1,57.8
2024-11-29,West,Mouse,1,24.56
2024-11-29,South,Mouse,3,26.56
2024-11-29,South,Headset,9,86.57
2024-11-29,North,Mouse,4,23.3
2024-11-29,North,Monitor,7,212.64
2024-11-29,East,Mouse,3,27.1
2024-11-29,South,Laptop,4,676.03
2024-11-29,West,Monitor,8,213.64
2024-11-29,East,Mouse,11,23.62
2024-11-29,North,Headset,6,77.65
2024-11-29,East,Mouse,6,23.59
2024-11-29,East,Monitor,9,205.33
2024-11-30,East,Keyboard,8,47.47
2024-11-30,East,Headset,8,78.45
2024-11-30,North,Monitor,1,221.4
2024-11-30,North,Headset,8,75.15
2024-11-30,North,Monitor,9,220.29
2024-11-30,South,Keyboard,7,44.44
2024-11-30,East,Headset,6,85.44
2024-11-30,West,Keyboard,7,46.22
2024-11-30,South,Mouse,5,24.67
2024-11-30,South,Webcam,7,54.31
2024-12-01,West,Headset,9,72.74
2024-12-01,East,Monitor,7,206.72
2024-12-01,South,Headset,7,75.04
2024-12-01,West,Headset,9,75.85
2024-12-01,North,Laptop,7,722.43
2024-12-02,North,Laptop,11,709.45
2024-12-02,West,Webcam,8,55.91
2024-12-02,West,Webcam,3,59.06
2024-12-02,South,Mouse,6,23.1
2024-12-02,West,Mouse,4,25.25
2024-12-02,East,Mouse,6,25.51
2024-12-02,North,Mouse,2,23.31
2024-12-02,West,Monitor,3,204.38
2024-12-03,East,Headset,7,77.72
2024-12-03,South,Monitor,5,220.14
2024-12-03,South,Keyboard,4,44.57
2024-12-03,West,Mouse,7,27.42
2024-12-03,North,Keyboard,6,41.85
2024-12-03,North,Keyboard,10,46.96
2024-12-03,North,Keyboard,7,44.25
2024-12-03,South,Laptop,1,814.96
2024-12-03,South,Mouse,9,24.58
2024-12-03,East,Headset,9,76.65
2024-12-03,South,Laptop,9,726.55
2024-12-04,North,Headset,1,80.89
2024-12-04,East,Headset,8,85.25
2024-12-04,West,Headset,10,81.01
2024-12-04,South,Webcam,1,61.37
2024-12-04,East,Webcam,10,59.41
2024-12-04,North,Webcam,4,60.12
2024-12-04,East,Headset,5,74.75
2024-12-04,East,Webcam,9,65.23
2024-12-05,North,Headset,9,81.62
2024-12-05,West,Headset,1,80.1
2024-12-05,East,Mouse,2,24.03
2024-12-05,South,Monitor,7,222.31
2024-12-05,East,Laptop,2,740.92
2024-12-06,West,Mouse,11,24.0
2024-12-06,West,Monitor,4,207.66
2024-12-06,South,Keyboard,10,45.0
2024-12-06,East,Laptop,10,680.98
2024-12-06,North,Keyboard,10,46.09
2024-12-06,North,Mouse,9,24.09
2024-12-06,West,Monitor,4,234.74
2024-12-06,North,Headset,7,79.73
2024-12-06,West,Webcam,4,61.9
2024-12-07,West,Keyboard,2,42.46
2024-12-07,North,Keyboard,1,43.42
2024-12-07,East,Mouse,1,24.78
2024-12-07,South,Headset,11,87.03
2024-12-07,East,Laptop,7,737.27
2024-12-08,East,Mouse,5,26.23
2024-12-08,North,Laptop,8,724.77
2024-12-08,East,Headset,7,85.4
2024-12-08,West,Laptop,10,701.16
2024-12-08,North,Monitor,3,198.19
2024-12-08,North,Mouse,5,25.14
2024-12-08,East,Mouse,5,22.52
2024-12-08,North,Webcam,2,54.65
2024-12-08,West,Monitor,1,221.34
2024-12-09,South,Mouse,3,25.54
2024-12-09,East,Webcam,2,62.1
2024-12-09,North,Headset,8,87.59
2024-12-09,South,Monitor,4,231.15
2024-12-09,North,Mouse,8,23.79
2024-12-09,North,Headset,2,79.35
2024-12-09,South,Monitor,11,198.87
2024-12-09,North,Keyboard,11,41.16
2024-12-09,East,Laptop,10,742.68
2024-12-09,North,Laptop,11,811.65
2024-12-10,East,Keyboard,7,43.88
2024-12-10,North,Keyboard,4,41.6
2024-12-10,South,Laptop,10,759.13
2024-12-10,North,Keyboard,2,44.82
2024-12-10,West,Keyboard,1,41.74
2024-12-10,North,Keyboard,3,42.62
2024-12-10,West,Webcam,3,64.99
2024-12-11,South,Webcam,8,61.52
2024-12-11,East,Monitor,8,202.74
2024-12-11,South,Mouse,7,23.19
2024-12-11,West,Monitor,10,211.46
2024-12-11,South,Headset,6,82.45
2024-12-11,North,Mouse,7,23.51
2024-12-11,North,Webcam,10,59.75
2024-12-11,East,Laptop,1,713.72
2024-12-12,West,Mouse,10,25.51
2024-12-12,South,Keyboard,6,44.34
2024-12-12,North,Headset,8,81.36
2024-12-12,South,Laptop,10,807.85
2024-12-12,South,Monitor,1,212.43
2024-12-12,West,Headset,2,86.67
2024-12-12,South,Keyboard,11,48.38
2024-12-12,East,Webcam,5,64.32
2024-12-12,South,Headset,9,81.24
2024-12-12,West,Webcam,7,56.13
2024-12-13,West,Monitor,4,241.39
2024-12-13,North,Keyboard,9,42.3
2024-12-13,North,Monitor,9,222.41
2024-12-13,West,Monitor,9,224.77
2024-12-13,South,Mouse,5,26.81
2024-12-13,South,Webcam,11,63.15
2024-12-13,East,Monitor,11,208.62
2024-12-13,South,Monitor,9,202.07
2024-12-13,East,Laptop,7,783.89
2024-12-13,East,Keyboard,4,40.61
2024-12-13,East,Laptop,11,719.18
2024-12-13,West,Monitor,5,210.4
2024-12-14,South,Headset,4,82.21
2024-12-14,East,Keyboard,6,44.06
2024-12-14,North,Laptop,11,736.03
2024-12-14,West,Monitor,9,201.81
2024-12-14,East,Headset,10,72.66
2024-12-14,South,Laptop,11,696.96
2024-12-14,East,Monitor,11,217.26
2024-12-14,North,Keyboard,3,47.39
2024-12-14,East,Monitor,3,205.08
2024-12-14,South,Keyboard,4,47.48
2024-12-15,East,Monitor,10,210.19
2024-12-15,West,Keyboard,7,40.88
2024-12-15,West,Webcam,7,57.58
2024-12-15,South,Laptop,9,783.51
2024-12-15,East,Laptop,8,705.57
2024-12-15,South,Headset,6,84.05
2024-12-15,East,Mouse,8,27.02
2024-12-15,South,Headset,4,81.53
2024-12-15,South,Mouse,5,26.6
2024-12-15,South,Mouse,10,22.89
2024-12-15,North,Webcam,10,64.61
2024-12-16,North,Keyboard,1,47.56
2024-12-16,West,Laptop,4,696.8
2024-12-16,South,Headset,7,72.48
2024-12-16,East,Laptop,8,777.27
2024-12-16,South,Monitor,2,229.75
2024-12-16,North,Mouse,10,23.6
2024-12-16,West,Webcam,11,63.4
2024-12-16,North,Monitor,3,232.28
2024-12-16,East,Laptop,5,703.61
2024-12-16,South,Monitor,11,222.72
2024-12-17,West,Headset,2,79.42
2024-12-17,South,Mouse,5,24.06
2024-12-17,South,Monitor,2,228.26
2024-12-17,North,Mouse,8,23.51
2024-12-17,East,Keyboard,2,41.82
2024-12-17,East,Keyboard,9,43.69
2024-12-17,North,Laptop,6,708.98
2024-12-17,West,Headset,3,84.4
2024-12-18,East,Monitor,4,230.0
2024-12-18,South,Keyboard,1,49.14
2024-12-18,South,Laptop,11,728.01
2024-12-18,South,Headset,6,84.57
2024-12-18,North,Laptop,2,814.87
2024-12-18,East,Headset,11,85.08
2024-12-18,East,Headset,1,81.62
2024-12-18,South,Laptop,5,773.7
2024-12-18,South,Keyboard,3,47.09
2024-12-18,North,Mouse,10,23.52
2024-12-19,West,Laptop,5,694.37
2024-12-19,West,Laptop,10,785.81
2024-12-19,South,Headset,3,76.33
2024-12-19,West,Keyboard,4,45.34
2024-12-19,East,Keyboard,1,40.55
2024-12-19,East,Mouse,9,23.37
2024-12-19,West,Headset,2,80.49
2024-12-19,North,Laptop,8,703.79
2024-12-20,East,Webcam,1,55.33
2024-12-20,North,Webcam,9,54.66
2024-12-20,South,Webcam,6,63.55
2024-12-20,North,Headset,6,73.55
2024-12-20,South,Mouse,7,22.81
2024-12-21,North,Headset,8,74.05
2024-12-21,West,Monitor,6,217.84
2024-12-21,East,Mouse,11,22.63
2024-12-21,North,Laptop,11,727.56
2024-12-21,South,Laptop,10,811.89
2024-12-21,West,Headset,7,74.29
2024-12-21,South,Mouse,9,24.06
2024-12-21,West,Mouse,10,23.69
2024-12-21,South,Keyboard,10,42.75
2024-12-21,West,Headset,3,76.9
2024-12-21,North,Mouse,3,23.36
2024-12-21,East,Mouse,6,23.06
2024-12-21,East,Keyboard,10,43.76
2024-12-22,South,Keyboard,2,47.57
2024-12-22,East,Keyboard,2,45.33
2024-12-22,North,Keyboard,4,43.44
2024-12-22,North,Monitor,11,205.75
2024-12-22,South,Monitor,7,204.41
2024-12-23,South,Monitor,3,216.89
2024-12-23,South,Webcam,10,57.38
2024-12-23,West,Headset,4,75.17
2024-12-23,North,Headset,9,84.97
2024-12-23,South,Keyboard,10,45.17
2024-12-23,West,Keyboard,5,48.06
2024-12-23,West,Keyboard,4,45.96
2024-12-23,South,Keyboard,2,40.51
2024-12-23,West,Mouse,7,25.49
2024-12-23,South,Mouse,7,25.25
2024-12-24,West,Webcam,7,62.05
2024-12-24,North,Keyboard,11,43.09
2024-12-24,North,Monitor,4,205.75
2024-12-24,North,Mouse,10,26.9
2024-12-24,South,Mouse,4,25.85
2024-12-24,South,Laptop,3,814.42
2024-12-25,North,Monitor,2,239.04
2024-12-25,West,Monitor,10,227.14
2024-12-25,North,Webcam,3,64.55
2024-12-25,North,Laptop,8,677.81
2024-12-25,East,Keyboard,10,43.43
2024-12-25,North,Laptop,7,822.33
2024-12-25,East,Monitor,10,231.09
2024-12-25,South,Webcam,7,58.61
2024-12-25,South,Headset,8,83.47
2024-12-26,North,Mouse,7,23.97
2024-12-26,South,Headset,7,78.83
2024-12-26,East,Webcam,7,61.02
2024-12-26,North,Headset,7,82.14
2024-12-26,East,Headset,2,78.62
2024-12-26,East,Mouse,6,25.16
2024-12-26,South,Laptop,5,809.59
2024-12-26,West,Mouse,7,25.28
2024-12-26,North,Laptop,7,764.69
2024-12-26,South,Monitor,8,200.07
2024-12-27,West,Monitor,5,226.68
2024-12-27,East,Headset,3,79.05
2024-12-27,North,Headset,11,81.69
2024-12-27,North,Mouse,5,24.06
2024-12-27,East,Mouse,11,25.57
2024-12-27,North,Headset,7,83.76
2024-12-27,East,Webcam,8,54.71
2024-12-27,South,Monitor,5,205.91
2024-12-27,West,Keyboard,10,41.14
2024-12-28,East,Mouse,3,26.06
2024-12-28,South,Laptop,2,759.41
2024-12-28,South,Laptop,9,792.59
2024-12-28,North,Keyboard,10,46.1
2024-12-28,North,Webcam,7,54.98
2024-12-28,West,Keyboard,11,42.14
2024-12-29,South,Webcam,7,58.32
2024-12-29,South,Monitor,8,206.93
2024-12-29,West,Webcam,9,55.6
2024-12-29,West,Webcam,6,59.02
2024-12-29,North,Monitor,6,203.72
2024-12-29,North,Monitor,11,228.63
2024-12-29,South,Mouse,10,25.79
2024-12-29,East,Webcam,7,61.38
2024-12-29,West,Webcam,4,60.59
2024-12-29,North,Mouse,7,27.02
2024-12-30,East,Monitor,9,214.28
2024-12-30,West,Headset,10,77.97
2024-12-30,North,Webcam,7,59.05
2024-12-30,West,Laptop,8,685.48
2024-12-30,North,Headset,9,86.27
2024-12-30,South,Mouse,3,23.03
2024-12-30,East,Mouse,10,26.25
2024-12-30,North,Monitor,7,203.45
2024-12-31,West,Mouse,1,26.62
2024-12-31,North,Laptop,11,684.49
2024-12-31,West,Mouse,6,24.57
2024-12-31,West,Headset,9,85.43
2024-12-31,North,Mouse,7,26.36
2024-12-31,West,Mouse,11,27.42
2024-12-31,East,Mouse,2,23.49
2024-12-31,East,Webcam,2,65.96
2024-12-31,North,Headset,2,84.21
2024-12-31,South,Laptop,8,685.28
2024-12-31,West,Headset,9,86.11
2024-12-31,West,Mouse,5,24.11
2025-01-01,South,Monitor,7,210.12
2025-01-01,West,Laptop,8,809.35
2025-01-01,West,Laptop,10,817.84
2025-01-01,East,Headset,8,86.62
2025-01-01,North,Keyboard,1,46.98
2025-01-01,East,Headset,9,86.35
2025-01-01,South,Webcam,1,54.81
2025-01-01,North,Headset,11,87.5
2025-01-02,West,Monitor,1,214.83
2025-01-02,South,Webcam,3,63.03
2025-01-02,North,Monitor,7,204.29
2025-01-03,South,Keyboard,3,40.98
2025-01-03,East,Laptop,4,811.63
2025-01-03,East,Keyboard,11,44.73
2025-01-03,East,Keyboard,10,43.73
2025-01-03,East,Mouse,4,26.23
2025-01-03,West,Webcam,10,64.51
2025-01-03,North,Headset,6,75.58
2025-01-04,North,Webcam,8,60.59
2025-01-04,South,Webcam,5,55.05
2025-01-04,West,Headset,11,79.44
2025-01-04,North,Headset,1,75.9
2025-01-04,East,Webcam,10,63.78
2025-01-05,West,Headset,6,85.12
2025-01-05,North,Webcam,2,55.59
2025-01-05,North,Headset,9,82.01
2025-01-05,East,Mouse,6,27.04
2025-01-05,East,Mouse,5,24.57
2025-01-05,West,Mouse,9,26.3
2025-01-05,East,Mouse,6,26.13
2025-01-06,East,Webcam,10,54.75
2025-01-06,South,Webcam,9,60.17
2025-01-06,North,Mouse,8,26.08
2025-01-06,South,Mouse,3,26.47
2025-01-06,South,Keyboard,3,43.66
2025-01-06,South,Keyboard,4,46.76
2025-01-06,West,Keyboard,8,42.07
2025-01-06,South,Keyboard,6,41.93
2025-01-07,East,Monitor,6,221.12
2025-01-07,West,Keyboard,8,43.19
2025-01-07,West,Monitor,7,226.75
2025-01-07,East,Monitor,2,236.46
2025-01-07,West,Mouse,1,24.87
2025-01-07,North,Monitor,5,212.64
2025-01-07,East,Monitor,2,222.97
2025-01-08,North,Headset,10,87.06
2025-01-08,North,Webcam,2,63.42
2025-01-08,East,Headset,2,85.82
2025-01-08,North,Headset,3,72.69
2025-01-08,East,Webcam,8,60.98
2025-01-09,South,Mouse,6,23.76
2025-01-09,East,Mouse,1,25.73
2025-01-09,East,Webcam,7,62.08
2025-01-09,South,Keyboard,10,46.94
2025-01-09,North,Laptop,7,704.27
2025-01-09,East,Mouse,4,23.1
2025-01-10,North,Laptop,2,746.67
2025-01-10,East,Mouse,1,23.38
2025-01-10,East,Headset,4,76.98
2025-01-10,North,Monitor,8,232.55
2025-01-10,West,Keyboard,6,40.88
2025-01-11,South,Keyboard,2,48.08
2025-01-11,West,Laptop,10,819.97
2025-01-11,East,Monitor,6,235.28
2025-01-11,East,Laptop,4,791.57
2025-01-11,North,Laptop,10,754.38
2025-01-12,North,Monitor,10,199.2
2025-01-12,East,Laptop,10,794.67
2025-01-12,South,Monitor,10,225.96
2025-01-12,North,Mouse,9,23.96
2025-01-12,North,Webcam,11,55.26
2025-01-12,East,Mouse,7,23.86
2025-01-12,South,Mouse,7,26.49
2025-01-12,West,Webcam,3,64.43
2025-01-13,East,Keyboard,2,40.58
2025-01-13,East,Webcam,4,60.74
2025-01-13,South,Monitor,9,234.05
2025-01-13,West,Mouse,10,22.73
2025-01-14,West,Mouse,3,24.05
2025-01-14,East,Monitor,3,209.77
2025-01-14,East,Laptop,3,734.07
2025-01-15,East,Headset,10,83.08
2025-01-15,East,Mouse,5,23.24
2025-01-15,West,Headset,1,76.23
2025-01-15,North,Laptop,6,775.11
2025-01-15,South,Webcam,8,58.16
2025-01-15,North,Keyboard,10,44.62
2025-01-16,East,Keyboard,9,46.27
2025-01-16,East,Laptop,1,775.21
2025-01-16,South,Monitor,1,198.64
2025-01-17,West,Keyboard,11,43.29
2025-01-17,East,Monitor,3,232.0
2025-01-17,North,Monitor,7,225.32
2025-01-18,South,Keyboard,9,40.92
2025-01-18,East,Keyboard,11,49.22
2025-01-18,East,Monitor,4,231.25
2025-01-18,South,Headset,2,82.65
2025-01-18,West,Mouse,3,25.2
2025-01-18,West,Mouse,4,25.84
2025-01-18,East,Keyboard,5,40.88
2025-01-19,East,Headset,8,79.73
2025-01-19,North,Keyboard,8,49.17
2025-01-19,South,Headset,2,81.15
2025-01-19,South,Webcam,7,63.79
2025-01-19,North,Headset,6,85.1
2025-01-20,North,Laptop,7,760.38
2025-01-20,North,Mouse,1,24.99
2025-01-20,East,Mouse,5,26.77
2025-01-20,West,Laptop,10,789.01
2025-01-20,West,Webcam,2,54.12
2025-01-21,East,Laptop,11,683.8
2025-01-21,North,Keyboard,10,47.19
2025-01-21,East,Headset,6,87.66
2025-01-21,West,Webcam,2,64.54
2025-01-21,North,Headset,9,85.94
2025-01-21,North,Webcam,2,65.09
2025-01-22,North,Keyboard,5,44.6
2025-01-22,South,Laptop,11,678.1
2025-01-22,West,Keyboard,10,48.71
2025-01-22,North,Monitor,10,207.68
2025-01-23,South,Keyboard,9,40.55
2025-01-23,West,Webcam,11,60.34
2025-01-23,South,Keyboard,7,44.03
2025-01-23,North,Monitor,3,220.09
2025-01-23,East,Keyboard,1,45.41
2025-01-24,West,Monitor,5,199.22
2025-01-24,North,Headset,2,81.13
2025-01-24,North,Webcam,9,64.64
2025-01-24,East,Headset,5,74.47
2025-01-24,West,Keyboard,11,43.49
2025-01-24,West,Monitor,6,207.95
2025-01-24,North,Monitor,4,204.0
2025-01-24,West,Laptop,1,676.93
2025-01-25,North,Laptop,9,753.52
2025-01-25,East,Mouse,10,24.29
2025-01-25,North,Laptop,10,703.78
2025-01-26,North,Laptop,7,687.49
2025-01-26,West,Laptop,6,795.06
2025-01-26,South,Laptop,3,727.29
2025-01-26,North,Webcam,1,54.8
2025-01-27,North,Mouse,2,25.53
2025-01-27,West,Webcam,5,54.78
2025-01-27,North,Mouse,5,25.69
2025-01-28,East,Mouse,7,23.49
2025-01-28,West,Monitor,10,216.9
2025-01-28,West,Headset,1,87.68
2025-01-29,North,Keyboard,7,45.9
2025-01-29,North,Mouse,5,23.81
2025-01-29,North,Headset,1,78.59
2025-01-30,South,Keyboard,6,41.69
2025-01-30,West,Keyboard,1,41.0
2025-01-30,East,Keyboard,2,46.68
2025-01-30,South,Headset,1,77.09
2025-01-30,East,Monitor,11,198.24
2025-01-30,East,Laptop,2,718.12
2025-01-30,South,Mouse,4,26.13
2025-01-31,South,Monitor,4,208.86
2025-01-31,West,Mouse,3,23.42
2025-01-31,North,Keyboard,9,42.2
2025-01-31,North,Webcam,2,61.68
2025-02-01,East,Webcam,8,63.28
2025-02-01,East,Monitor,9,238.41
2025-02-01,East,Webcam,9,62.65
2025-02-01,North,Keyboard,10,43.05
2025-02-02,North,Laptop,6,742.69
2025-02-02,North,Monitor,1,238.99
2025-02-02,North,Webcam,11,60.74
2025-02-02,South,Monitor,7,237.23
2025-02-02,West,Mouse,9,25.51
2025-02-03,West,Keyboard,8,46.79
2025-02-03,West,Keyboard,5,44.03
2025-02-03,West,Keyboard,3,44.33
2025-02-03,West,Mouse,8,24.3
2025-02-03,West,Keyboard,1,44.38
2025-02-04,West,Mouse,7,26.56
2025-02-04,East,Webcam,3,62.74
2025-02-04,North,Webcam,8,57.15
2025-02-05,West,Mouse,3,26.7
2025-02-05,North,Headset,3,79.78
2025-02-05,West,Laptop,6,737.34
2025-02-05,West,Mouse,2,24.8
2025-02-05,West,Headset,5,80.09
2025-02-05,South,Monitor,7,206.18
2025-02-06,North,Headset,8,78.33
2025-02-06,North,Monitor,2,199.38
2025-02-06,West,Mouse,1,26.25
2025-02-06,South,Keyboard,10,45.89
2025-02-07,South,Laptop,4,755.01
2025-02-07,East,Keyboard,3,44.43
2025-02-07,South,Keyboard,4,42.44
2025-02-07,East,Laptop,2,751.46
2025-02-08,North,Headset,6,76.99
2025-02-08,North,Keyboard,6,44.4
2025-02-08,West,Headset,6,85.1
2025-02-08,West,Monitor,2,213.49
2025-02-08,North,Mouse,5,25.84
2025-02-08,North,Headset,11,81.05
2025-02-09,North,Monitor,2,199.64
2025-02-09,West,Laptop,2,688.68
2025-02-09,South,Headset,4,87.42
2025-02-09,East,Monitor,5,234.66
2025-02-09,North,Monitor,4,216.89
2025-02-09,South,Monitor,11,238.47
2025-02-10,East,Webcam,2,59.79
2025-02-10,East,Monitor,5,236.94
2025-02-10,North,Mouse,1,26.02
2025-02-10,East,Keyboard,3,48.05
2025-02-10,North,Laptop,9,680.6
2025-02-10,North,Laptop,1,744.2
2025-02-10,North,Mouse,7,22.63
2025-02-10,North,Laptop,8,784.07
2025-02-11,East,Mouse,5,26.25
2025-02-11,North,Keyboard,9,42.92
2025-02-11,West,Keyboard,11,41.28
2025-02-11,West,Monitor,7,220.21
2025-02-12,West,Monitor,4,237.19
2025-02-12,East,Webcam,10,65.14
2025-02-12,West,Headset,11,74.11
2025-02-12,North,Webcam,11,63.65
2025-02-13,West,Monitor,9,240.47
2025-02-13,North,Headset,6,80.34
2025-02-13,East,Laptop,10,783.38
2025-02-13,North,Laptop,8,802.29
2025-02-13,North,Keyboard,10,46.88
2025-02-13,North,Monitor,10,239.89
2025-02-14,North,Laptop,8,750.87
2025-02-14,North,Mouse,10,26.03
2025-02-14,South,Mouse,7,23.65
2025-02-14,North,Keyboard,4,48.29
2025-02-14,North,Mouse,7,23.42
2025-02-14,West,Headset,3,81.26
2025-02-14,South,Laptop,3,740.53
2025-02-14,North,Headset,6,80.15
2025-02-15,West,Webcam,3,58.55
2025-02-15,South,Mouse,4,23.25
2025-02-15,East,Webcam,11,64.48
2025-02-15,West,Laptop,10,742.77
2025-02-15,South,Monitor,11,226.07
2025-02-16,South,Webcam,9,59.94
2025-02-16,East,Headset,9,86.71
2025-02-16,North,Webcam,9,59.2
2025-02-16,South,Headset,6,77.25
2025-02-16,South,Headset,10,80.13
2025-02-16,South,Mouse,4,25.7
2025-02-16,West,Mouse,11,23.15
2025-02-16,West,Headset,4,78.92
2025-02-17,North,Keyboard,7,46.82
2025-02-17,South,Headset,4,72.83
2025-02-17,West,Monitor,8,210.51
2025-02-17,East,Monitor,8,211.03
2025-02-18,South,Monitor,6,218.36
2025-02-18,East,Laptop,10,773.79
2025-02-18,South,Webcam,3,56.08
2025-02-18,West,Mouse,4,23.14
2025-02-18,West,Headset,5,75.23
2025-02-18,North,Mouse,7,24.09
2025-02-18,North,Laptop,1,765.17
2025-02-18,West,Keyboard,9,41.9
2025-02-19,East,Mouse,9,23.31
2025-02-19,South,Monitor,1,198.11
2025-02-19,East,Laptop,3,783.64
2025-02-20,West,Laptop,3,772.36
2025-02-20,North,Monitor,5,198.79
2025-02-20,West,Mouse,5,27.23
2025-02-20,East,Mouse,2,23.29
2025-02-20,South,Monitor,3,236.63
2025-02-20,East,Webcam,7,58.09
2025-02-21,East,Webcam,3,63.39
2025-02-21,North,Headset,1,73.83
2025-02-21,North,Keyboard,11,44.7
2025-02-21,North,Headset,5,79.07
2025-02-21,South,Laptop,6,812.5
2025-02-21,East,Mouse,5,25.03
2025-02-22,South,Headset,10,81.2
2025-02-22,East,Keyboard,7,48.7
2025-02-22,West,Webcam,9,56.71
2025-02-22,North,Laptop,6,778.51
2025-02-22,South,Laptop,8,789.09
2025-02-22,North,Monitor,11,210.52
2025-02-22,South,Keyboard,4,46.51
2025-02-22,West,Webcam,2,59.66
2025-02-23,West,Mouse,11,26.06
2025-02-23,North,Laptop,9,782.27
2025-02-23,East,Monitor,5,222.46
2025-02-23,West,Keyboard,3,47.12
2025-02-23,East,Headset,9,85.86
2025-02-23,South,Laptop,7,823.77
2025-02-23,East,Mouse,1,23.08
2025-02-24,West,Webcam,6,59.08
2025-02-24,North,Keyboard,4,47.32
2025-02-24,North,Keyboard,9,48.32
2025-02-25,North,Headset,10,86.22
2025-02-25,South,Laptop,8,678.08
2025-02-25,South,Headset,8,76.18
2025-02-25,East,Monitor,10,205.06
2025-02-25,South,Headset,8,72.2
2025-02-25,South,Monitor,6,214.46
2025-02-25,North,Mouse,1,27.07
2025-02-26,South,Mouse,11,26.89
2025-02-26,West,Monitor,1,239.48
2025-02-26,South,Laptop,10,763.31
2025-02-26,East,Webcam,9,55.78
2025-02-27,North,Monitor,9,204.58
2025-02-27,North,Keyboard,10,47.08
2025-02-27,East,Webcam,3,57.65
2025-02-27,North,Headset,4,79.18
2025-02-27,North,Headset,3,77.48
2025-02-27,North,Headset,3,76.84
2025-02-27,North,Laptop,6,687.54
2025-02-28,South,Keyboard,11,46.84
2025-02-28,West,Laptop,6,742.3
2025-02-28,North,Keyboard,2,45.78
2025-02-28,North,Mouse,4,26.21
2025-03-01,North,Monitor,8,238.61
2025-03-01,East,Webcam,3,64.15
2025-03-01,West,Laptop,1,758.93
2025-03-01,East,Headset,4,85.82
2025-03-01,South,Monitor,11,234.95
2025-03-01,North,Webcam,2,58.57
2025-03-01,South,Headset,7,74.31
2025-03-01,West,Mouse,3,24.76
2025-03-02,South,Laptop,2,816.65
2025-03-02,East,Keyboard,8,46.71
2025-03-02,East,Webcam,6,61.4
2025-03-02,West,Headset,1,83.19
2025-03-02,East,Headset,8,81.7
2025-03-03,South,Monitor,7,217.52
2025-03-03,West,Webcam,1,65.63
2025-03-03,West,Keyboard,10,45.92
2025-03-03,East,Webcam,4,56.14
2025-03-03,South,Webcam,3,54.04
2025-03-04,West,Headset,10,80.22
2025-03-04,East,Monitor,5,228.49
2025-03-04,South,Monitor,9,241.98
2025-03-05,South,Webcam,3,57.21
2025-03-05,South,Laptop,7,734.11
2025-03-05,North,Headset,2,76.35
2025-03-05,South,Laptop,1,784.82
2025-03-05,North,Mouse,10,23.61
2025-03-05,East,Laptop,6,676.52
2025-03-05,East,Keyboard,3,45.09
2025-03-06,North,Monitor,11,203.52
2025-03-06,South,Keyboard,11,48.16
2025-03-06,North,Laptop,3,796.27
2025-03-07,South,Monitor,1,216.83
2025-03-07,East,Laptop,11,811.47
2025-03-07,East,Mouse,7,23.51
2025-03-07,South,Webcam,7,62.13
2025-03-07,North,Mouse,10,25.4
2025-03-08,West,Keyboard,3,41.6
2025-03-08,West,Webcam,1,63.53
2025-03-08,South,Mouse,1,26.59
2025-03-08,East,Monitor,9,212.92
2025-03-09,North,Laptop,4,685.8
2025-03-09,North,Headset,11,76.98
2025-03-09,East,Mouse,7,27.45
2025-03-09,East,Mouse,6,25.1
2025-03-09,West,Keyboard,9,45.9
2025-03-09,West,Mouse,9,24.62
2025-03-10,South,Webcam,10,55.63
2025-03-10,West,Headset,8,76.08
2025-03-10,East,Webcam,9,59.72
2025-03-10,North,Monitor,1,235.17
2025-03-10,South,Monitor,4,220.44
2025-03-11,South,Mouse,8,23.19
2025-03-11,South,Keyboard,8,48.53
2025-03-11,North,Laptop,6,774.08
2025-03-11,North,Headset,1,81.5
2025-03-11,West,Mouse,3,24.26
2025-03-12,West,Webcam,10,60.7
2025-03-12,South,Keyboard,9,44.56
2025-03-12,North,Monitor,10,234.0
2025-03-13,South,Laptop,4,726.44
2025-03-13,South,Laptop,7,783.27
2025-03-13,East,Headset,3,81.97
2025-03-13,South,Headset,4,73.96
2025-03-13,South,Headset,6,74.67
2025-03-14,East,Mouse,7,23.29
2025-03-14,North,Laptop,10,803.45
2025-03-14,South,Laptop,7,769.02
2025-03-14,South,Headset,5,83.84
2025-03-14,West,Mouse,7,24.75
2025-03-15,South,Laptop,5,737.76
2025-03-15,North,Laptop,1,738.59
2025-03-15,South,Monitor,1,210.11
2025-03-15,North,Webcam,8,60.94
2025-03-15,West,Mouse,6,26.77
2025-03-15,North,Webcam,7,55.18
2025-03-15,West,Laptop,1,764.53
2025-03-15,North,Webcam,4,57.98
2025-03-16,North,Keyboard,9,41.05
2025-03-16,North,Headset,2,73.57
2025-03-16,South,Mouse,9,25.13
2025-03-16,South,Laptop,8,677.52
2025-03-16,South,Monitor,7,232.21
2025-03-16,West,Keyboard,5,41.23
2025-03-17,West,Monitor,10,216.2
2025-03-17,West,Monitor,3,199.93
2025-03-17,East,Mouse,11,25.89
2025-03-17,East,Monitor,1,226.29
2025-03-17,West,Keyboard,6,47.88
2025-03-18,South,Laptop,4,762.45
2025-03-18,West,Keyboard,1,49.29
2025-03-18,East,Mouse,5,24.47
2025-03-18,North,Mouse,6,24.27
2025-03-19,South,Keyboard,7,43.96
2025-03-19,East,Monitor,1,226.84
2025-03-19,North,Mouse,8,24.77
2025-03-19,East,Webcam,9,64.16
2025-03-19,South,Keyboard,1,43.44
2025-03-19,East,Mouse,7,25.66
2025-03-19,North,Mouse,11,26.36
2025-03-20,North,Mouse,6,23.29
2025-03-20,South,Monitor,8,219.7
2025-03-20,West,Keyboard,4,48.46
2025-03-20,West,Webcam,6,65.4
2025-03-21,South,Headset,9,74.69
2025-03-21,East,Monitor,2,212.88
2025-03-21,North,Webcam,6,56.31
2025-03-21,West,Mouse,2,23.45
2025-03-21,North,Laptop,11,773.74
2025-03-21,West,Headset,6,79.84
2025-03-21,North,Webcam,7,60.7
2025-03-22,North,Mouse,10,25.6
2025-03-22,North,Webcam,7,59.93
2025-03-22,East,Laptop,3,821.06
2025-03-22,South,Keyboard,3,41.96
2025-03-22,North,Monitor,7,241.27
2025-03-22,West,Headset,6,83.23
2025-03-22,West,Laptop,8,725.89
2025-03-23,East,Webcam,1,56.66
2025-03-23,North,Keyboard,5,42.32
2025-03-23,West,Keyboard,11,43.84
2025-03-23,East,Webcam,4,58.89
2025-03-24,North,Keyboard,2,42.6
2025-03-24,South,Mouse,3,23.06
2025-03-24,South,Monitor,5,237.85
2025-03-25,North,Monitor,4,221.25
2025-03-25,South,Monitor,6,199.91
2025-03-25,South,Mouse,6,25.32
2025-03-26,South,Mouse,2,24.69
2025-03-26,South,Laptop,3,750.01
2025-03-26,West,Laptop,8,724.24
2025-03-26,East,Headset,2,73.01
2025-03-26,West,Mouse,2,24.49
2025-03-26,West,Webcam,11,65.48
2025-03-26,West,Keyboard,9,42.88
2025-03-27,South,Mouse,6,25.61
2025-03-27,South,Headset,1,75.36
2025-03-27,North,Laptop,10,693.59
2025-03-27,West,Mouse,1,25.51
2025-03-27,East,Headset,9,77.76
2025-03-27,East,Webcam,8,57.81
2025-03-28,South,Mouse,9,26.23
2025-03-28,West,Webcam,8,65.85
2025-03-28,South,Keyboard,9,45.93
2025-03-29,East,Keyboard,9,47.25
2025-03-29,West,Headset,1,77.59
2025-03-29,East,Laptop,4,764.19
2025-03-29,East,Webcam,7,63.49
2025-03-29,South,Keyboard,6,43.5
2025-03-29,North,Monitor,6,209.46
2025-03-30,North,Monitor,8,240.89
2025-03-30,North,Keyboard,8,45.67
2025-03-30,South,Webcam,1,61.73
2025-03-30,East,Laptop,10,759.52
2025-03-30,East,Laptop,3,715.62
2025-03-30,East,Headset,6,80.78
2025-03-30,South,Mouse,9,24.41
2025-03-30,West,Headset,8,83.43
2025-03-31,East,Headset,10,81.53
2025-03-31,East,Headset,10,73.91
2025-03-31,East,Keyboard,8,44.79
2025-03-31,South,Monitor,2,222.2
2025-03-31,South,Monitor,11,213.7
2025-03-31,South,Monitor,5,223.36
2025-03-31,South,Webcam,2,60.78
2025-03-31,North,Mouse,6,23.37
2025-04-01,West,Mouse,10,26.37
2025-04-01,South,Webcam,3,65.41
2025-04-01,South,Mouse,8,22.64
2025-04-01,West,Headset,3,84.58
2025-04-01,North,Webcam,1,65.63
2025-04-01,West,Mouse,4,26.33
2025-04-02,South,Headset,7,81.56
2025-04-02,West,Laptop,7,675.78
2025-04-02,North,Headset,2,76.12
2025-04-02,West,Headset,9,80.3
2025-04-02,West,Laptop,10,785.24
2025-04-02,East,Keyboard,6,48.27
2025-04-02,East,Keyboard,9,48.61
2025-04-02,East,Mouse,1,25.14
2025-04-03,East,Keyboard,2,47.8
2025-04-03,North,Monitor,1,221.24
2025-04-03,East,Laptop,7,821.48
2025-04-03,North,Keyboard,8,42.69
2025-04-03,West,Headset,6,78.1
2025-04-03,North,Mouse,1,25.27
2025-04-03,East,Headset,9,87.68
2025-04-03,South,Headset,6,73.61
2025-04-04,East,Monitor,7,209.05
2025-04-04,East,Mouse,9,27.0
2025-04-04,North,Mouse,3,23.55
2025-04-04,South,Laptop,6,699.92
2025-04-05,North,Laptop,3,785.78
2025-04-05,West,Monitor,11,227.05
2025-04-05,North,Monitor,6,201.75
2025-04-05,North,Laptop,11,819.35
2025-04-05,North,Keyboard,5,43.43
2025-04-05,East,Keyboard,4,49.32
2025-04-06,North,Mouse,5,24.65
2025-04-06,North,Laptop,4,732.42
2025-04-06,West,Headset,2,81.34
2025-04-06,South,Keyboard,10,42.03
2025-04-07,North,Monitor,5,200.72
2025-04-07,South,Laptop,9,782.95
2025-04-07,East,Headset,1,78.83
2025-04-08,North,Mouse,7,23.59
2025-04-08,South,Keyboard,6,47.67
2025-04-08,South,Keyboard,5,42.55
2025-04-08,West,Keyboard,2,49.1
2025-04-08,West,Webcam,5,64.07
2025-04-08,West,Headset,3,82.12
2025-04-08,East,Webcam,3,62.95
2025-04-09,North,Monitor,5,212.44
2025-04-09,South,Webcam,7,64.04
2025-04-09,South,Webcam,1,62.11
2025-04-09,South,Mouse,6,24.18
2025-04-10,North,Webcam,1,58.07
2025-04-10,West,Monitor,10,223.16
2025-04-10,North,Webcam,3,54.54
2025-04-11,East,Headset,7,77.4
2025-04-11,South,Laptop,7,818.69
2025-04-11,East,Webcam,8,60.38
2025-04-11,West,Webcam,7,64.76
2025-04-11,South,Keyboard,8,42.57
2025-04-11,South,Mouse,8,24.5
2025-04-11,North,Monitor,11,236.21
2025-04-11,North,Monitor,10,241.9
2025-04-12,West,Keyboard,5,48.16
2025-04-12,South,Headset,5,82.65
2025-04-12,West,Laptop,1,738.35
2025-04-12,South,Keyboard,8,41.72
2025-04-13,North,Monitor,8,204.87
2025-04-13,East,Keyboard,3,46.92
2025-04-13,West,Keyboard,2,48.17
2025-04-13,East,Webcam,4,58.07
2025-04-13,West,Keyboard,9,45.91
2025-04-14,East,Laptop,9,824.89
2025-04-14,West,Mouse,2,26.54
2025-04-14,East,Keyboard,10,49.09
2025-04-14,South,Monitor,11,205.28
2025-04-15,South,Keyboard,5,45.64
2025-04-15,West,Laptop,11,737.61
2025-04-15,South,Webcam,6,56.36
2025-04-15,East,Keyboard,1,45.03
2025-04-15,South,Mouse,3,26.18
2025-04-15,East,Headset,4,72.09
2025-04-16,North,Headset,11,86.76
2025-04-16,East,Monitor,10,209.39
2025-04-16,South,Keyboard,8,43.71
2025-04-16,North,Laptop,11,735.42
2025-04-16,South,Mouse,4,23.31
2025-04-17,East,Keyboard,6,42.94
2025-04-17,East,Mouse,5,24.96
2025-04-17,West,Monitor,11,203.75
2025-04-17,South,Headset,9,83.28
2025-04-17,East,Laptop,5,726.59
2025-04-17,West,Laptop,10,822.33
2025-04-18,West,Keyboard,1,45.39
2025-04-18,North,Headset,2,81.97
2025-04-18,East,Mouse,11,26.44
2025-04-18,East,Headset,7,85.04
2025-04-18,West,Laptop,10,778.63
2025-04-18,East,Headset,4,75.13
2025-04-19,North,Keyboard,3,45.21
2025-04-19,West,Laptop,8,773.89
2025-04-19,North,Webcam,1,57.83
2025-04-19,West,Monitor,11,241.5
2025-04-20,North,Monitor,8,206.66
2025-04-20,South,Webcam,7,63.38
2025-04-20,West,Keyboard,10,46.13
2025-04-20,South,Keyboard,10,45.62
2025-04-21,South,Keyboard,8,47.88
2025-04-21,North,Keyboard,2,49.38
2025-04-21,West,Laptop,3,793.01
2025-04-22,East,Mouse,6,25.07
2025-04-22,South,Headset,8,81.77
2025-04-22,East,Mouse,1,24.74
2025-04-22,South,Headset,4,83.39
2025-04-22,North,Webcam,10,63.92
2025-04-22,West,Mouse,9,22.61
2025-04-22,East,Laptop,1,723.06
2025-04-22,South,Mouse,8,27.06
2025-04-23,South,Headset,4,86.69
2025-04-23,North,Headset,3,83.36
2025-04-23,North,Webcam,4,58.71
2025-04-23,East,Mouse,7,26.2
2025-04-23,North,Webcam,8,55.03
2025-04-24,West,Laptop,2,814.87
2025-04-24,West,Keyboard,9,41.55
2025-04-24,South,Mouse,3,23.44
2025-04-25,North,Monitor,9,234.47
2025-04-25,North,Mouse,8,27.42
2025-04-25,East,Webcam,7,54.95
2025-04-25,West,Keyboard,8,44.61
2025-04-25,West,Mouse,11,26.9
2025-04-26,South,Mouse,1,24.76
2025-04-26,North,Webcam,9,55.52
2025-04-26,North,Keyboard,7,43.98
2025-04-26,South,Laptop,5,767.7
2025-04-26,South,Monitor,10,205.59
2025-04-27,North,Headset,8,79.34
2025-04-27,South,Monitor,1,199.62
2025-04-27,South,Keyboard,9,48.87
2025-04-27,East,Mouse,4,27.34
2025-04-27,South,Keyboard,7,42.99
2025-04-27,South,Mouse,3,26.93
2025-04-27,South,Keyboard,7,46.42
2025-04-27,South,Headset,10,82.28
2025-04-28,South,Laptop,2,810.29
2025-04-28,North,Mouse,7,23.93
2025-04-28,West,Monitor,1,211.82
2025-04-28,East,Mouse,9,24.2
2025-04-28,South,Mouse,3,23.15
2025-04-28,North,Laptop,7,698.65
2025-04-28,West,Webcam,7,59.87
2025-04-28,West,Keyboard,3,46.88
2025-04-29,North,Monitor,7,226.86
2025-04-29,South,Webcam,9,64.77
2025-04-29,South,Webcam,2,56.21
2025-04-30,West,Monitor,5,232.48
2025-04-30,West,Headset,11,76.77
2025-04-30,North,Headset,1,80.58
2025-05-01,South,Mouse,1,23.23
2025-05-01,North,Headset,11,78.81
2025-05-01,South,Keyboard,7,43.71
2025-05-01,South,Mouse,11,22.81
2025-05-01,East,Laptop,5,793.45
2025-05-01,East,Webcam,2,54.41
2025-05-01,South,Monitor,3,209.48
2025-05-02,North,Monitor,10,230.49
2025-05-02,West,Headset,10,78.24
2025-05-02,East,Monitor,3,241.99
2025-05-03,West,Mouse,2,23.77
2025-05-03,South,Webcam,6,60.5
2025-05-03,West,Laptop,9,818.91
2025-05-03,East,Headset,7,75.38
2025-05-03,West,Webcam,8,62.85
2025-05-03,North,Laptop,7,773.73
2025-05-03,South,Headset,2,75.3
2025-05-04,East,Keyboard,2,41.37
2025-05-04,North,Mouse,3,23.91
2025-05-04,East,Keyboard,6,47.24
2025-05-04,North,Webcam,11,55.94
2025-05-04,South,Mouse,11,27.14
2025-05-04,West,Mouse,8,26.08
2025-05-04,East,Laptop,5,676.45
2025-05-04,South,Headset,1,77.72
2025-05-05,North,Keyboard,11,48.42
2025-05-05,East,Webcam,9,62.57
2025-05-05,North,Webcam,1,61.85
2025-05-06,East,Keyboard,5,44.75
2025-05-06,South,Keyboard,8,42.66
2025-05-06,South,Monitor,5,224.54
2025-05-06,East,Headset,6,80.62
2025-05-06,East,Mouse,9,23.07
2025-05-06,South,Mouse,2,24.91
2025-05-06,East,Webcam,1,64.87
2025-05-07,West,Keyboard,1,42.42
2025-05-07,North,Monitor,4,232.38
2025-05-07,East,Keyboard,2,47.83
2025-05-07,South,Keyboard,5,44.65
2025-05-07,South,Keyboard,6,44.82
2025-05-07,South,Monitor,5,216.68
2025-05-08,East,Mouse,1,27.08
2025-05-08,East,Monitor,9,210.92
2025-05-08,North,Webcam,10,57.17
2025-05-08,North,Keyboard,2,40.69
2025-05-08,North,Headset,3,88.0
2025-05-08,West,Laptop,2,809.84
2025-05-08,East,Webcam,8,57.99
2025-05-08,East,Mouse,8,22.62
2025-05-09,East,Mouse,9,23.44
2025-05-09,South,Keyboard,7,45.29
2025-05-09,East,Keyboard,11,48.13
2025-05-10,East,Laptop,7,765.48
2025-05-10,East,Mouse,8,22.8
2025-05-10,East,Keyboard,8,45.11
2025-05-10,North,Headset,11,82.76
2025-05-10,South,Mouse,1,22.8
2025-05-10,East,Keyboard,11,44.66
2025-05-10,North,Monitor,3,208.13
2025-05-11,West,Webcam,9,58.6
2025-05-11,West,Monitor,9,202.88
2025-05-11,North,Monitor,5,200.0
2025-05-11,South,Keyboard,7,49.15
2025-05-11,East,Keyboard,10,41.66
2025-05-11,North,Monitor,8,239.65
2025-05-12,North,Mouse,6,27.38
2025-05-12,East,Headset,4,80.51
2025-05-12,South,Laptop,8,691.86
2025-05-12,North,Monitor,10,227.54
2025-05-12,East,Monitor,7,207.73
2025-05-13,West,Headset,7,76.79
2025-05-13,South,Mouse,10,26.97
2025-05-13,West,Headset,2,76.69
2025-05-13,North,Laptop,5,719.36
2025-05-13,West,Headset,8,72.59
2025-05-13,East,Laptop,10,821.5
2025-05-13,North,Mouse,7,27.25
2025-05-14,North,Keyboard,11,40.58
2025-05-14,West,Mouse,10,22.64
2025-05-14,East,Laptop,2,730.05
2025-05-15,East,Headset,10,74.57
2025-05-15,West,Keyboard,7,43.9
2025-05-15,North,Laptop,9,824.65
2025-05-15,East,Monitor,5,214.33
2025-05-16,West,Headset,10,84.98
2025-05-16,North,Mouse,8,26.94
2025-05-16,South,Mouse,8,24.52
2025-05-16,South,Mouse,2,27.49
2025-05-16,West,Laptop,6,761.08
2025-05-16,South,Headset,8,87.77
2025-05-17,North,Laptop,9,723.4
2025-05-17,West,Keyboard,9,47.18
2025-05-17,North,Webcam,4,58.98
2025-05-17,South,Headset,9,76.7
2025-05-17,East,Webcam,11,62.71
2025-05-17,West,Mouse,4,26.21
2025-05-17,South,Laptop,11,695.71
2025-05-18,South,Laptop,6,817.15
2025-05-18,West,Headset,1,85.41
2025-05-18,South,Mouse,11,26.01
2025-05-18,West,Mouse,7,23.08
2025-05-18,East,Laptop,9,749.54
2025-05-19,East,Mouse,1,24.36
2025-05-19,North,Webcam,11,57.93
2025-05-19,East,Webcam,1,62.33
2025-05-19,South,Keyboard,1,43.97
2025-05-19,West,Monitor,8,228.81
2025-05-19,West,Headset,3,80.45
2025-05-19,West,Laptop,3,707.14
2025-05-19,West,Monitor,9,232.16
2025-05-20,North,Keyboard,7,44.3
2025-05-20,North,Headset,8,82.47
2025-05-20,West,Keyboard,2,44.56
2025-05-20,West,Webcam,5,58.41
2025-05-21,East,Mouse,3,27.46
2025-05-21,North,Webcam,11,58.82
2025-05-21,South,Keyboard,3,45.26
2025-05-21,South,Mouse,11,27.06
2025-05-21,East,Headset,8,87.95
2025-05-21,East,Mouse,5,26.75
2025-05-22,North,Webcam,10,59.97
2025-05-22,South,Webcam,5,58.49
2025-05-22,South,Laptop,1,738.57
2025-05-22,East,Keyboard,5,42.52
2025-05-22,North,Monitor,7,211.98
2025-05-22,East,Webcam,3,55.34
2025-05-22,East,Headset,2,80.45
2025-05-23,East,Headset,8,78.84
2025-05-23,West,Mouse,8,23.4
2025-05-23,South,Mouse,5,25.83
2025-05-23,North,Keyboard,9,47.51
2025-05-23,South,Monitor,3,210.04
2025-05-23,West,Laptop,3,755.99
2025-05-23,West,Webcam,9,59.25
2025-05-23,South,Monitor,3,235.99
2025-05-24,East,Keyboard,11,48.21
2025-05-24,South,Headset,2,76.26
2025-05-24,West,Mouse,9,23.26
2025-05-25,West,Keyboard,7,43.51
2025-05-25,North,Laptop,10,734.5
2025-05-25,East,Webcam,3,59.28
2025-05-25,North,Laptop,5,751.15
2025-05-25,West,Keyboard,8,47.85
2025-05-25,West,Monitor,9,223.64
2025-05-26,East,Headset,8,76.61
2025-05-26,East,Webcam,9,64.28
2025-05-26,South,Monitor,10,235.34
2025-05-27,South,Laptop,10,693.07
2025-05-27,East,Laptop,5,727.18
2025-05-27,East,Headset,4,87.07
2025-05-27,East,Monitor,6,210.37
2025-05-27,East,Monitor,1,230.01
2025-05-27,North,Keyboard,11,49.3
2025-05-27,East,Keyboard,1,41.33
2025-05-27,West,Laptop,4,817.89
2025-05-28,West,Keyboard,5,42.3
2025-05-28,West,Mouse,3,26.03
2025-05-28,North,Webcam,5,57.54
2025-05-28,East,Headset,3,78.06
2025-05-28,West,Headset,11,83.09
2025-05-28,West,Webcam,6,56.87
2025-05-28,South,Webcam,10,60.01
2025-05-29,West,Keyboard,2,46.21
2025-05-29,East,Laptop,3,806.4
2025-05-29,North,Keyboard,11,42.94
2025-05-29,North,Mouse,9,24.27
2025-05-30,South,Laptop,3,777.91
2025-05-30,East,Webcam,4,58.07
2025-05-30,West,Headset,1,74.13
2025-05-30,West,Mouse,7,26.01
2025-05-30,South,Webcam,7,57.82
2025-05-30,North,Mouse,5,25.8
2025-05-30,West,Webcam,6,61.78
2025-05-31,East,Headset,4,76.05
2025-05-31,East,Headset,11,75.31
2025-05-31,West,Keyboard,2,47.74
2025-05-31,East,Monitor,5,240.55
2025-05-31,East,Keyboard,1,46.74
2025-05-31,South,Mouse,3,24.19
2025-06-01,South,Webcam,4,62.9
2025-06-01,South,Headset,10,76.3
2025-06-01,East,Laptop,8,764.98
2025-06-01,North,Laptop,4,751.08
2025-06-02,South,Keyboard,3,46.83
2025-06-02,South,Mouse,3,26.7
2025-06-02,East,Headset,6,76.18
2025-06-02,West,Webcam,4,56.36
2025-06-02,North,Webcam,10,62.89
2025-06-02,West,Mouse,8,22.69
2025-06-02,North,Headset,6,83.94
2025-06-02,East,Keyboard,10,40.66
2025-06-03,West,Mouse,10,25.97
2025-06-03,North,Headset,1,76.18
2025-06-03,West,Laptop,11,756.29
2025-06-03,North,Laptop,8,791.58
2025-06-04,West,Mouse,11,23.87
2025-06-04,South,Laptop,9,724.41
2025-06-04,East,Laptop,1,728.96
2025-06-05,South,Keyboard,3,46.86
2025-06-05,South,Mouse,6,25.18
2025-06-05,West,Keyboard,2,41.85
2025-06-05,West,Keyboard,6,46.4
2025-06-05,East,Monitor,1,240.17
2025-06-05,West,Monitor,8,213.79
2025-06-05,East,Webcam,11,61.95
2025-06-06,West,Keyboard,3,46.07
2025-06-06,West,Webcam,2,60.11
2025-06-06,South,Headset,11,74.26
2025-06-06,East,Keyboard,11,48.36
2025-06-06,West,Webcam,11,64.62
2025-06-06,East,Laptop,4,814.46
2025-06-07,East,Mouse,10,24.47
2025-06-07,West,Headset,7,85.53
2025-06-07,North,Monitor,8,206.14
2025-06-07,South,Monitor,1,228.49
2025-06-07,West,Monitor,9,222.52
2025-06-08,West,Monitor,1,225.41
2025-06-08,South,Laptop,3,709.33
2025-06-08,North,Monitor,11,225.41
2025-06-09,East,Keyboard,3,46.69
2025-06-09,East,Mouse,7,23.75
2025-06-09,East,Headset,10,78.62
2025-06-09,South,Keyboard,10,46.4
2025-06-10,East,Monitor,10,200.58
2025-06-10,East,Headset,5,82.85
2025-06-10,South,Keyboard,3,41.44
2025-06-10,South,Headset,4,74.27
2025-06-10,South,Monitor,8,229.25
2025-06-10,South,Laptop,8,797.12
2025-06-10,East,Mouse,10,22.94
2025-06-11,North,Keyboard,8,41.85
2025-06-11,South,Mouse,3,22.57
2025-06-11,West,Webcam,10,64.07
2025-06-11,East,Headset,5,86.45
2025-06-11,South,Webcam,5,64.75
2025-06-12,West,Keyboard,11,47.41
2025-06-12,West,Monitor,8,239.58
2025-06-12,West,Headset,8,85.72
2025-06-12,North,Mouse,3,27.22
2025-06-12,North,Keyboard,10,41.0
2025-06-13,South,Keyboard,2,44.81
2025-06-13,North,Monitor,11,239.89
2025-06-13,East,Laptop,10,716.71
2025-06-14,North,Webcam,9,62.43
2025-06-14,South,Mouse,5,26.58
2025-06-14,West,Laptop,7,819.89
2025-06-14,East,Webcam,2,62.12
2025-06-14,South,Monitor,1,208.6
2025-06-15,West,Monitor,8,212.56
2025-06-15,East,Mouse,7,23.48
2025-06-15,South,Monitor,11,216.18
2025-06-15,South,Monitor,8,219.43
2025-06-15,South,Headset,9,87.39
2025-06-15,West,Mouse,8,25.46
2025-06-16,North,Mouse,6,24.1
2025-06-16,North,Webcam,10,59.15
2025-06-16,North,Keyboard,3,41.25
2025-06-16,West,Mouse,2,24.55
2025-06-16,East,Headset,5,79.32
2025-06-17,West,Monitor,3,229.47
2025-06-17,West,Monitor,7,228.46
2025-06-17,West,Keyboard,11,47.26
2025-06-17,West,Webcam,8,65.23
2025-06-17,North,Mouse,5,25.39
2025-06-17,South,Headset,8,86.11
2025-06-17,North,Mouse,3,23.67
2025-06-17,East,Mouse,9,27.2
2025-06-18,North,Laptop,2,736.94
2025-06-18,West,Laptop,1,822.06
2025-06-18,South,Monitor,6,207.99
2025-06-18,South,Keyboard,2,49.36
2025-06-18,South,Webcam,1,56.91
2025-06-19,West,Mouse,11,23.55
2025-06-19,East,Mouse,8,22.88
2025-06-19,East,Webcam,2,63.82
2025-06-19,West,Headset,7,74.77
2025-06-19,South,Monitor,2,212.92
2025-06-19,East,Laptop,10,714.68
2025-06-20,South,Laptop,5,803.85
2025-06-20,North,Headset,6,79.23
2025-06-20,North,Headset,9,75.18
2025-06-20,North,Keyboard,9,47.03
2025-06-20,North,Webcam,9,54.31
2025-06-20,South,Headset,10,81.61
2025-06-20,South,Mouse,8,23.98
2025-06-20,South,Headset,11,83.64
2025-06-21,North,Webcam,11,60.99
2025-06-21,West,Keyboard,4,44.07
2025-06-21,East,Keyboard,5,45.71
2025-06-21,West,Webcam,11,56.34
2025-06-21,West,Laptop,4,737.91
2025-06-21,West,Webcam,11,61.31
2025-06-21,South,Headset,8,86.45
2025-06-21,North,Webcam,9,63.89
2025-06-22,North,Keyboard,1,45.48
2025-06-22,North,Keyboard,9,43.41
2025-06-22,North,Monitor,4,209.41
2025-06-22,South,Webcam,4,61.26
2025-06-23,East,Headset,3,75.3
2025-06-23,North,Webcam,7,55.11
2025-06-23,East,Monitor,6,223.26
2025-06-23,East,Headset,4,81.98
2025-06-23,West,Monitor,10,207.45
2025-06-23,West,Monitor,8,213.17
2025-06-24,East,Mouse,4,23.66
2025-06-24,North,Headset,5,82.75
2025-06-24,West,Webcam,10,65.71
2025-06-24,North,Laptop,5,819.7
2025-06-24,East,Webcam,3,61.11
2025-06-25,North,Laptop,8,809.01
2025-06-25,East,Monitor,7,221.74
2025-06-25,South,Keyboard,11,42.79
2025-06-25,West,Headset,6,72.54
2025-06-25,East,Keyboard,11,48.86
2025-06-25,South,Webcam,5,61.49
2025-06-26,West,Monitor,8,235.4
2025-06-26,North,Laptop,10,813.69
2025-06-26,West,Laptop,6,768.71
2025-06-26,West,Monitor,11,217.71
2025-06-26,North,Monitor,1,241.16
2025-06-27,South,Webcam,7,57.6
2025-06-27,West,Keyboard,8,44.08
2025-06-27,South,Headset,8,87.37
2025-06-27,East,Keyboard,9,49.26
2025-06-27,East,Webcam,7,56.85
2025-06-27,North,Laptop,2,802.79
2025-06-27,East,Laptop,5,796.8
2025-06-27,West,Monitor,4,232.48
2025-06-28,North,Headset,5,76.29
2025-06-28,North,Webcam,8,55.95
2025-06-28,North,Headset,2,82.49
2025-06-28,North,Mouse,3,27.12
2025-06-29,East,Headset,10,73.76
2025-06-29,West,Headset,7,80.32
2025-06-29,East,Webcam,5,54.71
2025-06-29,North,Headset,4,87.91
2025-06-30,North,Headset,6,74.68
2025-06-30,North,Webcam,1,58.7
2025-06-30,North,Laptop,2,734.2
2025-06-30,North,Webcam,9,64.0
2025-06-30,North,Webcam,6,56.41
2025-07-01,East,Monitor,1,231.42
2025-07-01,East,Mouse,5,22.92
2025-07-01,West,Webcam,11,65.28
2025-07-01,East,Mouse,11,27.17
2025-07-01,West,Monitor,10,230.17
2025-07-01,South,Headset,6,74.51
2025-07-01,South,Headset,10,83.62
2025-07-02,East,Keyboard,10,44.3
2025-07-02,East,Webcam,11,57.86
2025-07-02,East,Keyboard,5,45.84
2025-07-02,South,Laptop,6,690.86
2025-07-03,North,Laptop,5,812.24
2025-07-03,North,Keyboard,11,42.75
2025-07-03,East,Headset,11,79.35
2025-07-03,East,Laptop,9,778.22
2025-07-03,South,Headset,8,76.44
2025-07-03,West,Laptop,11,726.67
2025-07-04,North,Keyboard,7,42.47
2025-07-04,South,Webcam,9,55.43
2025-07-04,South,Webcam,7,62.01
2025-07-04,South,Laptop,11,809.21
2025-07-04,South,Monitor,2,199.37
2025-07-04,South,Headset,3,80.76
2025-07-04,South,Headset,9,85.93
2025-07-05,West,Keyboard,1,40.83
2025-07-05,East,Headset,1,87.02
2025-07-05,South,Headset,10,75.43
2025-07-05,East,Laptop,7,795.2
2025-07-06,South,Monitor,3,226.15
2025-07-06,West,Laptop,2,762.69
2025-07-06,North,Monitor,8,234.43
2025-07-06,South,Laptop,5,735.04
2025-07-06,East,Keyboard,2,45.6
2025-07-06,South,Webcam,7,58.26
2025-07-06,West,Monitor,6,225.59
2025-07-07,North,Monitor,1,200.23
2025-07-07,East,Headset,9,86.12
2025-07-07,West,Webcam,3,60.31
2025-07-07,East,Webcam,10,62.1
2025-07-07,North,Keyboard,10,41.95
2025-07-07,West,Monitor,6,237.64
2025-07-07,South,Keyboard,5,45.48
2025-07-08,West,Headset,2,84.11
2025-07-08,East,Keyboard,4,41.55
2025-07-08,South,Keyboard,7,42.35
2025-07-08,West,Keyboard,6,46.22
2025-07-08,East,Monitor,8,234.8
2025-07-08,South,Keyboard,8,44.31
2025-07-08,South,Laptop,7,691.25
2025-07-08,West,Monitor,4,205.56
2025-07-09,North,Headset,7,81.32
2025-07-09,South,Mouse,7,25.85
2025-07-09,North,Keyboard,1,44.53
2025-07-09,East,Keyboard,1,45.36
2025-07-09,East,Mouse,10,26.28
2025-07-10,West,Webcam,7,60.05
2025-07-10,North,Webcam,7,64.01
2025-07-10,East,Headset,4,85.2
2025-07-10,North,Monitor,8,236.73
2025-07-10,East,Webcam,2,62.23
2025-07-10,East,Keyboard,8,43.15
2025-07-10,South,Laptop,8,799.16
2025-07-10,West,Headset,10,77.34
2025-07-11,North,Monitor,4,235.08
2025-07-11,East,Mouse,2,27.33
2025-07-11,South,Monitor,7,232.76
2025-07-12,North,Mouse,11,25.46
2025-07-12,North,Laptop,5,678.77
2025-07-12,West,Keyboard,8,47.37
2025-07-12,East,Webcam,5,59.05
2025-07-12,West,Keyboard,11,42.05
2025-07-12,East,Webcam,1,57.69
2025-07-13,South,Keyboard,9,48.27
2025-07-13,North,Laptop,5,777.01
2025-07-13,South,Laptop,11,793.84
2025-07-13,West,Mouse,2,23.26
2025-07-14,West,Mouse,3,22.89
2025-07-14,South,Headset,6,86.28
2025-07-14,East,Webcam,7,65.03
2025-07-14,South,Mouse,4,25.79
2025-07-15,North,Mouse,1,25.02
2025-07-15,South,Laptop,6,753.37
2025-07-15,West,Keyboard,3,44.53
2025-07-15,West,Webcam,5,54.31
2025-07-15,North,Monitor,6,208.2
2025-07-15,West,Keyboard,5,43.02
2025-07-15,West,Webcam,10,54.23
2025-07-15,North,Mouse,10,25.25
2025-07-16,West,Webcam,10,65.3
2025-07-16,West,Laptop,2,794.89
2025-07-16,East,Keyboard,3,48.89
2025-07-16,West,Keyboard,10,48.49
2025-07-16,East,Mouse,6,23.3
2025-07-17,West,Laptop,7,675.91
2025-07-17,West,Laptop,9,791.64
2025-07-17,North,Headset,7,82.9
2025-07-18,South,Monitor,7,208.57
2025-07-18,North,Headset,4,85.76
2025-07-18,South,Monitor,6,220.03
2025-07-18,South,Headset,1,78.3
2025-07-18,East,Mouse,11,23.31
2025-07-19,East,Laptop,2,767.62
2025-07-19,North,Keyboard,6,49.21
2025-07-19,South,Keyboard,2,48.01
2025-07-19,North,Webcam,11,62.34
2025-07-19,East,Webcam,3,61.7
2025-07-19,South,Laptop,11,704.53
2025-07-19,West,Laptop,9,709.6
2025-07-19,West,Laptop,9,817.34
2025-07-20,North,Monitor,7,206.04
2025-07-20,North,Monitor,4,240.86
2025-07-20,West,Keyboard,10,45.04
2025-07-21,West,Mouse,9,26.22
2025-07-21,East,Keyboard,7,46.35
2025-07-21,South,Webcam,3,62.52
2025-07-21,West,Webcam,2,62.13
2025-07-21,West,Webcam,11,57.6
2025-07-21,West,Headset,4,75.9
2025-07-21,West,Headset,7,75.95
2025-07-22,South,Keyboard,11,48.58
2025-07-22,South,Webcam,8,63.53
2025-07-22,South,Mouse,11,27.22
2025-07-22,West,Mouse,5,27.25
2025-07-22,North,Mouse,7,22.61
2025-07-23,South,Mouse,6,23.28
2025-07-23,East,Laptop,4,755.16
2025-07-23,South,Laptop,7,802.26
2025-07-23,South,Keyboard,2,44.44
2025-07-24,South,Headset,8,80.39
2025-07-24,East,Laptop,4,805.73
2025-07-24,South,Monitor,1,232.0
2025-07-24,West,Mouse,8,25.75
2025-07-24,South,Laptop,5,755.45
2025-07-24,West,Laptop,4,719.84
2025-07-25,South,Mouse,11,24.59
2025-07-25,North,Laptop,9,714.04
2025-07-25,West,Laptop,3,698.18
2025-07-25,East,Webcam,8,54.84
2025-07-25,East,Laptop,9,770.08
2025-07-25,East,Keyboard,8,42.1
2025-07-25,West,Webcam,2,65.23
2025-07-25,East,Laptop,3,776.93
2025-07-26,South,Webcam,1,57.63
2025-07-26,East,Headset,10,78.58
2025-07-26,West,Monitor,6,220.75
2025-07-26,South,Laptop,6,770.57
2025-07-26,North,Laptop,6,714.05
2025-07-26,East,Keyboard,2,45.33
2025-07-26,North,Laptop,4,823.44
2025-07-27,North,Monitor,4,212.14
2025-07-27,West,Keyboard,2,46.66
2025-07-27,North,Keyboard,6,46.3
2025-07-27,South,Monitor,10,239.75
2025-07-28,South,Laptop,4,726.57
2025-07-28,North,Laptop,3,748.65
2025-07-28,North,Mouse,4,24.63
2025-07-28,South,Keyboard,4,49.43
2025-07-28,South,Headset,6,73.21
2025-07-28,East,Keyboard,6,46.7
2025-07-28,South,Mouse,1,26.95
2025-07-28,North,Laptop,4,822.82
2025-07-29,North,Keyboard,2,47.06
2025-07-29,North,Webcam,9,62.07
2025-07-29,West,Webcam,8,55.63
2025-07-29,South,Mouse,4,26.38
2025-07-29,West,Keyboard,3,41.65
2025-07-30,West,Webcam,3,54.38
2025-07-30,North,Webcam,7,60.07
2025-07-30,South,Monitor,1,199.55
2025-07-30,North,Webcam,3,59.88
2025-07-30,North,Keyboard,4,41.99
2025-07-31,North,Keyboard,4,45.45
2025-07-31,South,Monitor,4,213.12
2025-07-31,South,Laptop,5,694.29
2025-07-31,East,Laptop,2,680.32
2025-08-01,East,Webcam,5,55.58
2025-08-01,West,Laptop,8,675.59
2025-08-01,East,Laptop,7,704.25
2025-08-01,North,Laptop,6,680.94
2025-08-01,South,Webcam,10,59.92
2025-08-02,South,Webcam,5,60.08
2025-08-02,West,Headset,11,77.75
2025-08-02,North,Laptop,2,729.49
2025-08-02,North,Laptop,6,731.76
2025-08-02,East,Keyboard,1,47.37
2025-08-02,South,Webcam,6,58.02
2025-08-02,North,Webcam,5,61.67
2025-08-03,East,Mouse,9,23.35
2025-08-03,East,Headset,7,78.42
2025-08-03,East,Webcam,1,64.28
2025-08-04,West,Mouse,6,26.11
2025-08-04,South,Webcam,9,63.95
2025-08-04,South,Laptop,3,710.7
2025-08-04,South,Keyboard,2,44.03
2025-08-04,North,Monitor,1,224.2
2025-08-04,North,Webcam,3,61.99
2025-08-04,West,Keyboard,2,44.29
2025-08-05,West,Headset,7,81.04
2025-08-05,North,Headset,2,87.5
2025-08-05,East,Webcam,1,63.03
2025-08-05,East,Laptop,2,742.25
2025-08-05,North,Webcam,1,64.4
2025-08-05,North,Monitor,7,204.91
2025-08-05,East,Headset,6,76.04
2025-08-06,North,Monitor,1,225.11
2025-08-06,East,Keyboard,4,47.87
2025-08-06,West,Headset,2,85.68
2025-08-06,South,Mouse,9,25.3
2025-08-06,South,Mouse,7,24.89
2025-08-06,East,Monitor,2,215.99
2025-08-06,North,Monitor,9,210.32
2025-08-07,West,Monitor,3,232.4
2025-08-07,East,Webcam,1,63.46
2025-08-07,South,Headset,11,86.09
2025-08-08,South,Headset,1,81.38
2025-08-08,West,Mouse,11,24.07
2025-08-08,East,Headset,3,84.68
2025-08-08,West,Webcam,10,58.61
2025-08-08,North,Keyboard,9,46.26
2025-08-08,East,Headset,10,86.01
2025-08-08,North,Webcam,6,65.48
2025-08-09,East,Headset,8,73.03
2025-08-09,East,Mouse,1,25.34
2025-08-09,West,Keyboard,7,41.23
2025-08-09,East,Monitor,9,205.66
2025-08-10,East,Laptop,2,695.61
2025-08-10,South,Laptop,4,764.86
2025-08-10,West,Laptop,7,796.4
2025-08-10,North,Mouse,2,26.49
2025-08-10,West,Monitor,5,204.6
2025-08-10,South,Laptop,5,764.62
2025-08-11,East,Monitor,1,236.81
2025-08-11,West,Headset,3,75.31
2025-08-11,East,Monitor,11,215.05
2025-08-11,West,Keyboard,7,41.11
2025-08-11,East,Keyboard,10,41.31
2025-08-11,South,Keyboard,5,46.34
2025-08-12,East,Laptop,10,677.44
2025-08-12,North,Webcam,9,54.27
2025-08-12,South,Headset,10,83.05
2025-08-12,East,Monitor,2,219.59
2025-08-12,East,Monitor,11,225.91
2025-08-12,North,Laptop,9,749.96
2025-08-12,North,Webcam,1,61.18
2025-08-13,West,Mouse,1,26.42
2025-08-13,North,Webcam,3,63.02
2025-08-13,North,Monitor,5,203.27
2025-08-13,East,Monitor,11,211.32
2025-08-13,South,Headset,2,75.02
2025-08-13,South,Headset,8,84.54
2025-08-13,South,Keyboard,11,42.65
2025-08-14,South,Laptop,9,741.43
2025-08-14,East,Monitor,3,214.22
2025-08-14,East,Monitor,7,215.85
2025-08-14,West,Keyboard,8,42.88
2025-08-14,East,Headset,3,85.88
2025-08-14,West,Webcam,8,58.92
2025-08-14,East,Monitor,1,213.16
2025-08-14,East,Keyboard,3,44.73
2025-08-15,East,Headset,8,78.08
2025-08-15,South,Headset,7,76.5
2025-08-15,North,Laptop,7,819.23
2025-08-15,West,Keyboard,11,42.46
2025-08-15,West,Laptop,4,740.59
2025-08-15,West,Mouse,2,23.09
2025-08-15,South,Laptop,10,789.75
2025-08-16,South,Webcam,10,54.64
2025-08-16,East,Keyboard,5,41.92
2025-08-16,North,Monitor,6,220.05
2025-08-16,South,Monitor,11,218.89
2025-08-16,East,Keyboard,9,46.56
2025-08-16,East,Mouse,1,25.59
2025-08-16,South,Monitor,3,214.51
2025-08-17,South,Mouse,2,24.34
2025-08-17,North,Headset,6,77.11
2025-08-17,East,Headset,6,80.55
2025-08-17,West,Headset,5,85.24
2025-08-17,West,Laptop,9,719.72
2025-08-17,North,Laptop,1,812.83
2025-08-17,East,Webcam,9,61.5
2025-08-18,West,Mouse,11,25.69
2025-08-18,West,Keyboard,7,47.24
2025-08-18,East,Monitor,1,240.98
2025-08-18,North,Laptop,5,807.31
2025-08-18,West,Monitor,9,204.22
2025-08-18,South,Laptop,5,815.01
2025-08-19,West,Monitor,6,240.81
2025-08-19,West,Mouse,2,26.87
2025-08-19,North,Laptop,6,679.46
2025-08-20,North,Webcam,8,55.42
2025-08-20,West,Mouse,8,25.98
2025-08-20,North,Webcam,5,62.21
2025-08-20,North,Headset,3,76.79
2025-08-20,West,Laptop,10,772.6
2025-08-20,North,Keyboard,10,46.9
2025-08-21,East,Monitor,7,241.68
2025-08-21,West,Keyboard,6,47.01
2025-08-21,North,Mouse,1,26.3
2025-08-21,West,Headset,1,73.27
2025-08-21,South,Keyboard,6,48.76
2025-08-21,South,Laptop,10,744.37
2025-08-21,North,Monitor,4,237.63
2025-08-22,West,Keyboard,10,40.9
2025-08-22,North,Monitor,2,214.05
2025-08-22,East,Mouse,1,24.04
2025-08-22,North,Keyboard,3,44.18
2025-08-22,South,Headset,6,78.29
2025-08-22,North,Keyboard,7,48.78
2025-08-23,West,Monitor,10,238.84
2025-08-23,East,Mouse,3,27.47
2025-08-23,North,Keyboard,10,48.21
2025-08-23,East,Headset,2,79.65
2025-08-23,West,Monitor,3,224.54
2025-08-23,South,Keyboard,8,45.87
2025-08-24,North,Keyboard,1,42.45
2025-08-24,South,Webcam,8,62.12
2025-08-24,North,Webcam,4,55.52
2025-08-24,West,Keyboard,8,40.77
2025-08-24,West,Keyboard,7,44.7
2025-08-24,South,Headset,2,75.32
2025-08-24,West,Laptop,7,688.96
2025-08-25,East,Webcam,9,60.32
2025-08-25,South,Headset,8,80.66
2025-08-25,South,Laptop,1,708.39
2025-08-25,North,Webcam,7,59.54
2025-08-26,South,Monitor,7,240.69
2025-08-26,South,Monitor,2,220.89
2025-08-26,South,Monitor,8,230.13
2025-08-27,East,Keyboard,3,44.54
2025-08-27,South,Webcam,8,58.58
2025-08-27,West,Laptop,5,749.65
2025-08-27,West,Keyboard,5,44.4
2025-08-27,West,Laptop,2,760.15
2025-08-27,West,Mouse,7,26.76
2025-08-27,East,Monitor,11,236.38
2025-08-27,West,Keyboard,6,48.24
2025-08-28,East,Monitor,5,224.85
2025-08-28,South,Monitor,8,202.12
2025-08-28,North,Webcam,2,59.04
2025-08-28,East,Laptop,1,779.32
2025-08-28,North,Keyboard,9,46.13
2025-08-28,South,Headset,2,78.97
2025-08-28,North,Headset,1,75.64
2025-08-28,East,Mouse,1,26.09
2025-08-29,North,Monitor,5,214.18
2025-08-29,North,Laptop,5,726.84
2025-08-29,South,Webcam,6,65.67
2025-08-29,East,Keyboard,9,48.73
2025-08-29,South,Laptop,2,709.52
2025-08-30,South,Laptop,4,804.87
2025-08-30,North,Webcam,5,60.94
2025-08-30,South,Monitor,5,224.94
2025-08-30,South,Laptop,8,699.38
2025-08-31,South,Monitor,5,227.79
2025-08-31,North,Monitor,2,237.71
2025-08-31,West,Headset,1,79.8
2025-08-31,South,Mouse,9,22.68
2025-09-01,South,Mouse,2,24.5
2025-09-01,East,Headset,2,84.06
2025-09-01,West,Keyboard,9,45.97
2025-09-01,South,Webcam,7,61.91
2025-09-01,South,Laptop,4,753.03
2025-09-02,South,Webcam,6,55.75
2025-09-02,South,Mouse,3,23.73
2025-09-02,South,Webcam,6,55.95
2025-09-02,East,Headset,4,79.15
2025-09-02,South,Laptop,1,801.49
2025-09-02,West,Mouse,3,24.58
2025-09-03,North,Webcam,9,65.35
2025-09-03,South,Webcam,2,55.31
2025-09-03,North,Laptop,10,786.59
2025-09-03,West,Headset,11,84.55
2025-09-04,North,Laptop,11,724.17
2025-09-04,North,Keyboard,5,46.69
2025-09-04,North,Headset,10,87.96
2025-09-04,North,Webcam,3,63.38
2025-09-04,South,Headset,1,84.68
2025-09-04,West,Mouse,9,27.05
2025-09-04,North,Monitor,4,213.87
2025-09-05,East,Laptop,9,819.15
2025-09-05,North,Monitor,7,219.72
2025-09-05,North,Webcam,3,58.49
2025-09-05,North,Mouse,11,24.85
2025-09-06,South,Mouse,3,26.64
2025-09-06,North,Laptop,4,780.74
2025-09-06,West,Webcam,3,63.9
2025-09-06,North,Keyboard,6,48.6
2025-09-06,South,Keyboard,5,44.37
2025-09-07,South,Laptop,3,780.84
2025-09-07,West,Keyboard,2,46.93
2025-09-07,North,Keyboard,6,48.18
2025-09-07,West,Monitor,10,200.83
2025-09-07,East,Webcam,2,65.06
2025-09-07,East,Webcam,7,54.54
2025-09-07,East,Headset,5,72.74
2025-09-07,South,Headset,11,87.2
2025-09-08,West,Keyboard,6,42.1
2025-09-08,North,Keyboard,7,41.42
2025-09-08,West,Laptop,7,735.68
2025-09-08,North,Laptop,2,735.79
2025-09-09,West,Webcam,3,54.99
2025-09-09,North,Mouse,5,23.01
2025-09-09,East,Headset,6,82.44
2025-09-09,North,Monitor,9,214.21
2025-09-09,North,Monitor,5,223.08
2025-09-09,North,Webcam,6,64.13
2025-09-09,East,Headset,11,77.48
2025-09-09,East,Webcam,3,60.72
2025-09-10,South,Headset,7,74.75
2025-09-10,North,Headset,9,86.19
2025-09-10,South,Headset,9,73.53
2025-09-11,East,Laptop,4,695.35
2025-09-11,South,Webcam,9,59.64
2025-09-11,East,Keyboard,6,41.04
2025-09-12,North,Headset,7,81.98
2025-09-12,South,Laptop,1,731.77
2025-09-12,East,Keyboard,8,47.95
2025-09-12,South,Keyboard,1,45.43
2025-09-12,East,Mouse,4,22.77
2025-09-12,West,Laptop,4,800.42
2025-09-13,East,Mouse,1,25.39
2025-09-13,South,Monitor,10,228.73
2025-09-13,East,Laptop,5,791.5
2025-09-13,East,Webcam,4,62.72
2025-09-14,East,Monitor,4,241.25
2025-09-14,North,Mouse,9,25.53
2025-09-14,North,Webcam,4,59.36
2025-09-14,North,Mouse,1,25.06
2025-09-15,North,Monitor,5,228.89
2025-09-15,West,Headset,9,84.33
2025-09-15,North,Headset,2,73.35
2025-09-15,East,Laptop,11,761.05
2025-09-15,West,Monitor,1,241.95
2025-09-15,North,Laptop,4,700.81
2025-09-15,West,Keyboard,11,44.27
2025-09-16,South,Headset,9,79.65
2025-09-16,East,Headset,10,85.08
2025-09-16,North,Monitor,4,198.57
2025-09-16,East,Keyboard,10,45.48
2025-09-16,North,Monitor,3,230.62
2025-09-17,South,Mouse,1,26.82
2025-09-17,West,Headset,8,82.64
2025-09-17,East,Mouse,8,25.13
2025-09-17,South,Webcam,8,61.33
2025-09-17,West,Keyboard,5,41.64
2025-09-17,East,Headset,8,77.48
2025-09-17,East,Keyboard,7,42.72
2025-09-18,South,Headset,9,80.98
2025-09-18,South,Keyboard,9,45.25
2025-09-18,South,Headset,6,72.88
2025-09-18,North,Keyboard,7,42.33
2025-09-18,South,Mouse,7,26.41
2025-09-18,North,Monitor,5,228.3
2025-09-18,South,Headset,8,79.94
2025-09-18,North,Webcam,7,59.45
2025-09-19,West,Monitor,7,210.29
2025-09-19,East,Webcam,7,60.21
2025-09-19,North,Monitor,7,239.73
2025-09-19,East,Webcam,6,57.59
2025-09-19,East,Keyboard,4,45.38
2025-09-19,East,Mouse,5,23.74
2025-09-19,South,Monitor,11,209.03
2025-09-19,East,Webcam,2,62.01
2025-09-20,North,Laptop,1,705.69
2025-09-20,North,Webcam,7,65.68
2025-09-20,South,Headset,2,72.4
2025-09-20,South,Monitor,2,240.93
2025-09-20,North,Monitor,10,206.86
2025-09-20,East,Headset,7,75.61
2025-09-21,East,Headset,2,72.31
2025-09-21,West,Laptop,4,729.73
2025-09-21,West,Webcam,7,63.06
2025-09-21,East,Monitor,11,229.65
2025-09-21,West,Mouse,4,27.5
2025-09-21,North,Mouse,11,26.24
2025-09-22,West,Mouse,2,25.06
2025-09-22,West,Webcam,10,58.76
2025-09-22,South,Headset,5,86.16
2025-09-22,East,Webcam,1,55.93
2025-09-23,North,Mouse,2,27.38
2025-09-23,South,Monitor,9,228.4
2025-09-23,East,Mouse,7,23.53
2025-09-23,West,Mouse,6,25.63
2025-09-23,East,Webcam,3,62.68
2025-09-23,North,Laptop,3,763.68
2025-09-23,South,Laptop,3,796.11
2025-09-24,North,Mouse,11,26.92
2025-09-24,South,Keyboard,11,43.25
2025-09-24,North,Headset,11,82.04
2025-09-24,West,Laptop,11,751.65
2025-09-24,North,Headset,7,80.14
2025-09-25,North,Mouse,9,23.81
2025-09-25,South,Mouse,6,25.7
2025-09-25,West,Monitor,6,238.36
2025-09-26,South,Keyboard,10,42.62
2025-09-26,North,Webcam,2,55.06
2025-09-26,West,Headset,11,79.08
2025-09-26,South,Mouse,1,25.49
2025-09-26,South,Monitor,8,228.74
2025-09-26,South,Mouse,11,23.24
2025-09-26,West,Monitor,2,225.68
2025-09-26,North,Laptop,1,696.92
2025-09-27,East,Keyboard,2,46.26
2025-09-27,East,Keyboard,8,46.58
2025-09-27,North,Laptop,5,683.6
2025-09-28,West,Mouse,5,25.28
2025-09-28,North,Webcam,9,54.91
2025-09-28,North,Mouse,1,23.1
2025-09-28,East,Keyboard,5,46.96
2025-09-28,East,Laptop,7,758.26
2025-09-28,North,Laptop,8,692.99
2025-09-29,North,Monitor,8,200.8
2025-09-29,West,Monitor,11,234.29
2025-09-29,West,Keyboard,10,43.43
2025-09-29,North,Mouse,11,26.37
2025-09-29,North,Webcam,8,55.17
2025-09-29,North,Headset,11,82.2
2025-09-30,North,Keyboard,9,42.13
2025-09-30,South,Webcam,8,60.49
2025-09-30,North,Mouse,3,23.48
2025-09-30,East,Headset,5,74.92
2025-09-30,East,Headset,2,80.11
2025-10-01,East,Headset,8,77.86
2025-10-01,West,Monitor,8,225.86
2025-10-01,South,Monitor,2,200.28
2025-10-01,South,Laptop,1,685.65
2025-10-01,North,Mouse,1,26.12
2025-10-01,North,Webcam,9,65.4
2025-10-02,East,Webcam,9,62.41
2025-10-02,West,Monitor,3,213.88
2025-10-02,West,Keyboard,8,47.6
2025-10-02,East,Headset,8,75.7
2025-10-02,South,Monitor,8,199.07
2025-10-02,West,Mouse,7,26.54
2025-10-02,East,Webcam,4,62.69
2025-10-02,North,Laptop,11,809.22
2025-10-03,West,Headset,6,79.96
2025-10-03,South,Laptop,6,705.03
2025-10-03,North,Keyboard,10,48.15
2025-10-04,South,Laptop,1,776.01
2025-10-04,West,Keyboard,10,44.33
2025-10-04,South,Laptop,6,814.68
2025-10-04,South,Mouse,4,26.3
2025-10-04,East,Monitor,6,234.73
2025-10-04,North,Headset,9,87.45
2025-10-04,West,Headset,9,86.78
2025-10-05,East,Monitor,6,240.53
2025-10-05,West,Mouse,6,24.51
2025-10-05,East,Laptop,3,763.6
2025-10-05,East,Keyboard,5,44.15
2025-10-05,East,Mouse,11,22.64
2025-10-05,West,Headset,4,74.25
2025-10-05,West,Laptop,8,803.53
2025-10-05,West,Keyboard,2,41.87
2025-10-06,South,Laptop,3,785.37
2025-10-06,East,Laptop,4,757.46
2025-10-06,South,Headset,6,78.8
2025-10-07,North,Monitor,3,200.85
2025-10-07,East,Laptop,1,821.68
2025-10-07,South,Mouse,4,23.14
2025-10-08,West,Mouse,11,26.45
2025-10-08,South,Mouse,6,26.57
2025-10-08,South,Laptop,10,794.78
2025-10-08,East,Laptop,3,748.17
2025-10-08,South,Mouse,1,26.73
2025-10-09,North,Laptop,9,823.23
2025-10-09,North,Keyboard,4,43.84
2025-10-09,East,Headset,9,75.84
2025-10-10,South,Keyboard,7,48.96
2025-10-10,East,Monitor,9,214.58
2025-10-10,West,Keyboard,2,41.19
2025-10-10,East,Mouse,5,22.62
2025-10-11,South,Mouse,4,25.8
2025-10-11,East,Keyboard,5,45.69
2025-10-11,West,Mouse,1,26.52
2025-10-11,West,Monitor,8,237.35
2025-10-12,West,Mouse,2,27.28
2025-10-12,West,Headset,9,77.13
2025-10-12,North,Headset,7,79.01
2025-10-12,West,Webcam,10,60.3
2025-10-12,North,Webcam,3,64.59
2025-10-13,North,Laptop,9,718.79
2025-10-13,West,Keyboard,11,45.28
2025-10-13,South,Headset,8,83.1
2025-10-13,South,Laptop,7,731.09
2025-10-13,East,Laptop,8,756.69
2025-10-14,West,Monitor,2,203.2
2025-10-14,North,Mouse,4,25.97
2025-10-14,West,Keyboard,2,45.15
2025-10-14,South,Mouse,2,23.62
2025-10-14,East,Laptop,8,707.17
2025-10-15,South,Keyboard,3,48.63
2025-10-15,East,Monitor,4,203.32
2025-10-15,North,Headset,1,75.07
2025-10-15,North,Mouse,2,22.59
2025-10-15,South,Headset,1,78.46
2025-10-15,South,Laptop,2,766.13
2025-10-16,North,Webcam,3,56.69
2025-10-16,West,Mouse,8,22.78
2025-10-16,North,Keyboard,9,47.41
2025-10-16,South,Keyboard,5,46.17
2025-10-16,East,Laptop,4,820.04
2025-10-16,North,Monitor,1,198.23
2025-10-16,East,Keyboard,9,48.46
2025-10-17,West,Headset,8,80.54
2025-10-17,South,Monitor,5,200.04
2025-10-17,West,Headset,10,79.94
2025-10-17,South,Webcam,6,63.53
2025-10-17,North,Monitor,11,229.24
2025-10-17,East,Laptop,10,676.3
2025-10-17,East,Monitor,1,218.73
2025-10-18,East,Headset,9,81.52
2025-10-18,North,Headset,3,82.23
2025-10-18,East,Monitor,11,222.34
2025-10-18,West,Keyboard,5,43.91
2025-10-18,North,Laptop,5,713.11
2025-10-18,East,Mouse,4,23.29
2025-10-18,South,Laptop,11,689.26
2025-10-18,East,Monitor,7,220.81
2025-10-19,East,Laptop,2,750.09
2025-10-19,South,Laptop,8,813.88
2025-10-19,North,Headset,5,72.01
2025-10-19,South,Webcam,1,55.99
2025-10-20,West,Laptop,4,798.12
2025-10-20,East,Monitor,3,206.91
2025-10-20,South,Keyboard,8,47.96
2025-10-20,West,Mouse,2,24.27
2025-10-20,West,Monitor,11,203.4
2025-10-20,East,Keyboard,4,42.53
2025-10-20,East,Headset,7,83.97
2025-10-20,West,Webcam,1,64.98
2025-10-21,East,Webcam,6,54.13
2025-10-21,East,Headset,11,80.7
2025-10-21,West,Mouse,8,26.48
2025-10-22,East,Monitor,11,207.92
2025-10-22,South,Monitor,10,229.35
2025-10-22,East,Mouse,7,26.04
2025-10-22,North,Mouse,6,26.44
2025-10-22,South,Headset,10,73.72
2025-10-23,East,Headset,10,76.04
2025-10-23,West,Monitor,5,211.44
2025-10-23,East,Monitor,5,202.75
2025-10-23,West,Headset,8,75.27
2025-10-23,East,Mouse,7,22.7
2025-10-23,North,Laptop,9,820.75
2025-10-24,East,Laptop,6,794.13
2025-10-24,East,Webcam,1,62.17
2025-10-24,South,Keyboard,3,42.34
2025-10-24,West,Laptop,4,717.68
2025-10-24,North,Monitor,5,231.77
2025-10-24,East,Mouse,10,23.65
2025-10-25,West,Monitor,7,211.58
2025-10-25,North,Laptop,8,797.84
2025-10-25,North,Laptop,7,757.33
2025-10-25,West,Laptop,4,824.15
2025-10-25,West,Webcam,6,62.16
2025-10-25,East,Keyboard,3,47.2
2025-10-26,North,Keyboard,3,43.52
2025-10-26,South,Webcam,5,55.72
2025-10-26,North,Headset,7,72.25
2025-10-27,North,Keyboard,9,46.08
2025-10-27,North,Monitor,6,229.8
2025-10-27,East,Laptop,7,822.66
2025-10-28,East,Mouse,6,23.05
2025-10-28,East,Keyboard,10,41.45
2025-10-28,West,Laptop,8,717.16
2025-10-28,North,Keyboard,11,45.89
2025-10-28,West,Mouse,7,27.29
2025-10-29,East,Webcam,7,58.07
2025-10-29,South,Keyboard,4,43.62
2025-10-29,East,Keyboard,5,41.76
2025-10-29,South,Headset,5,76.95
2025-10-29,East,Laptop,4,731.01
2025-10-29,South,Laptop,8,781.69
2025-10-29,East,Monitor,8,199.61
2025-10-30,South,Laptop,3,734.37
2025-10-30,West,Monitor,2,212.03
2025-10-30,South,Webcam,1,60.11
2025-10-30,North,Laptop,2,815.29
2025-10-31,North,Headset,7,84.68
2025-10-31,South,Monitor,8,229.9
2025-10-31,North,Headset,4,76.99
2025-10-31,North,Headset,1,75.43
2025-10-31,North,Monitor,11,205.12
2025-10-31,West,Headset,6,82.41
2025-10-31,East,Monitor,9,229.94
2025-10-31,West,Laptop,6,824.92
2025-11-01,West,Headset,7,80.36
2025-11-01,South,Mouse,3,22.57
2025-11-01,South,Keyboard,7,46.43
2025-11-01,North,Monitor,8,218.74
2025-11-01,East,Monitor,5,240.33
2025-11-01,North,Webcam,7,54.02
2025-11-01,North,Monitor,8,216.16
2025-11-01,West,Headset,8,74.77
2025-11-01,North,Headset,5,83.78
2025-11-01,South,Headset,2,86.14
2025-11-01,South,Headset,9,73.13
2025-11-02,East,Headset,3,78.34
2025-11-02,West,Laptop,3,690.85
2025-11-02,East,Mouse,5,27.04
2025-11-02,South,Keyboard,9,42.02
2025-11-02,East,Webcam,7,60.68
2025-11-02,North,Laptop,8,782.06
2025-11-02,South,Mouse,8,23.63
2025-11-02,North,Laptop,11,773.37
2025-11-03,East,Webcam,8,63.95
2025-11-03,North,Monitor,6,227.35
2025-11-03,West,Laptop,6,697.49
2025-11-03,East,Laptop,10,774.06
2025-11-03,West,Laptop,11,820.56
2025-11-03,North,Keyboard,3,49.27
2025-11-03,West,Webcam,11,65.24
2025-11-03,West,Webcam,8,57.41
2025-11-03,West,Monitor,6,239.68
2025-11-03,West,Monitor,4,214.42
2025-11-03,South,Monitor,5,212.35
2025-11-04,North,Laptop,5,816.43
2025-11-04,North,Mouse,5,24.75
2025-11-04,South,Laptop,1,708.67
2025-11-04,South,Laptop,5,694.0
2025-11-04,North,Monitor,4,198.48
2025-11-04,North,Headset,4,73.98
2025-11-04,South,Headset,10,73.71
2025-11-04,South,Keyboard,4,48.1
2025-11-04,East,Monitor,3,230.36
2025-11-04,South,Webcam,11,58.35
2025-11-04,North,Headset,1,85.21
2025-11-05,West,Laptop,3,752.78
2025-11-05,West,Webcam,1,54.67
2025-11-05,South,Keyboard,1,46.58
2025-11-05,South,Webcam,10,54.53
2025-11-05,North,Keyboard,1,43.66
2025-11-05,South,Monitor,6,232.79
2025-11-05,South,Monitor,2,230.76
2025-11-05,North,Laptop,7,731.26
2025-11-05,East,Mouse,9,23.04
2025-11-05,West,Headset,10,85.22
2025-11-06,North,Laptop,11,750.56
2025-11-06,South,Webcam,10,56.27
2025-11-06,North,Monitor,5,228.22
2025-11-06,North,Mouse,9,23.84
2025-11-06,East,Mouse,4,26.87
2025-11-06,East,Headset,3,72.79
2025-11-06,South,Laptop,8,688.32
2025-11-06,East,Headset,4,75.89
2025-11-06,East,Monitor,8,239.74
2025-11-06,North,Mouse,4,24.86
2025-11-06,West,Laptop,5,813.14
2025-11-06,North,Keyboard,8,46.16
2025-11-06,North,Webcam,10,61.82
2025-11-07,South,Mouse,6,26.01
2025-11-07,North,Mouse,5,25.06
2025-11-07,North,Headset,3,77.74
2025-11-07,West,Laptop,10,737.6
2025-11-07,North,Laptop,7,780.6
2025-11-07,South,Mouse,6,25.97
2025-11-07,North,Monitor,1,228.73
2025-11-07,South,Webcam,7,62.61
2025-11-07,East,Webcam,8,62.88
2025-11-08,West,Webcam,5,54.89
2025-11-08,North,Laptop,4,754.14
2025-11-08,West,Webcam,8,58.02
2025-11-08,South,Headset,9,75.99
2025-11-08,East,Webcam,6,56.13
2025-11-08,South,Webcam,5,57.59
2025-11-08,South,Laptop,9,710.33
2025-11-08,South,Monitor,4,232.56
2025-11-08,West,Laptop,9,733.34
2025-11-09,West,Laptop,9,822.32
2025-11-09,East,Headset,5,77.05
2025-11-09,East,Monitor,4,237.08
2025-11-09,North,Keyboard,9,43.88
2025-11-09,West,Mouse,10,27.33
2025-11-09,North,Laptop,10,711.5
2025-11-09,South,Webcam,5,59.68
2025-11-10,East,Webcam,8,56.68
2025-11-10,East,Monitor,10,224.56
2025-11-10,South,Keyboard,4,42.19
2025-11-10,North,Laptop,9,745.37
2025-11-10,South,Laptop,8,822.58
2025-11-10,East,Monitor,10,217.28
2025-11-10,East,Headset,4,75.19
2025-11-11,West,Monitor,10,219.96
2025-11-11,East,Laptop,1,720.78
2025-11-11,West,Mouse,10,24.24
2025-11-11,West,Laptop,6,774.86
2025-11-11,East,Headset,5,81.33
2025-11-11,West,Headset,3,75.92
2025-11-11,East,Keyboard,7,45.44
2025-11-12,South,Mouse,5,25.04
2025-11-12,North,Monitor,8,203.81
2025-11-12,North,Laptop,7,748.28
2025-11-12,East,Mouse,11,26.06
2025-11-12,North,Headset,2,77.54
2025-11-12,East,Keyboard,11,44.26
2025-11-12,West,Webcam,10,60.31
2025-11-12,North,Webcam,7,56.62
2025-11-12,East,Laptop,5,710.38
2025-11-12,North,Keyboard,5,48.5
2025-11-13,North,Headset,7,80.89
2025-11-13,North,Keyboard,3,48.88
2025-11-13,East,Mouse,1,27.15
2025-11-13,South,Monitor,8,231.97
2025-11-13,South,Headset,11,72.29
2025-11-13,West,Laptop,5,800.7
2025-11-13,South,Mouse,8,25.32
2025-11-13,South,Monitor,10,209.62
2025-11-13,South,Keyboard,10,45.54
2025-11-13,East,Monitor,6,227.93
2025-11-14,South,Mouse,10,25.87
2025-11-14,East,Keyboard,10,45.37
2025-11-14,West,Monitor,6,227.9
2025-11-14,North,Webcam,3,63.51
2025-11-14,South,Keyboard,1,44.98
2025-11-14,West,Mouse,3,22.6
2025-11-14,East,Laptop,4,711.68
2025-11-14,East,Headset,9,81.05
2025-11-14,South,Monitor,7,220.96
2025-11-14,North,Keyboard,8,46.03
2025-11-15,West,Webcam,1,63.16
2025-11-15,South,Laptop,7,765.22
2025-11-15,East,Laptop,6,703.99
2025-11-15,East,Headset,11,81.22
2025-11-15,South,Mouse,7,25.73
2025-11-15,South,Monitor,1,215.45
2025-11-15,East,Headset,7,84.88
2025-11-15,West,Headset,2,80.1
2025-11-15,West,Mouse,2,23.55
2025-11-16,West,Keyboard,8,46.32
2025-11-16,South,Monitor,9,220.3
2025-11-16,North,Laptop,2,752.74
2025-11-16,South,Monitor,11,240.49
2025-11-16,South,Webcam,1,54.21
2025-11-16,South,Webcam,8,56.06
2025-11-17,South,Mouse,3,25.58
2025-11-17,South,Keyboard,7,41.5
2025-11-17,West,Keyboard,5,46.0
2025-11-17,South,Laptop,7,768.96
2025-11-17,South,Monitor,6,211.1
2025-11-17,East,Headset,3,75.69
2025-11-18,West,Headset,5,76.86
2025-11-18,East,Keyboard,4,49.4
2025-11-18,East,Headset,6,72.57
2025-11-18,East,Headset,3,73.34
2025-11-18,North,Headset,4,79.61
2025-11-18,East,Headset,4,84.64
2025-11-18,North,Laptop,5,792.04
2025-11-18,West,Mouse,11,23.37
2025-11-18,South,Webcam,7,65.68
2025-11-18,East,Mouse,7,22.58
2025-11-18,East,Webcam,3,64.35
2025-11-18,North,Keyboard,4,42.3
2025-11-19,South,Webcam,3,60.88
2025-11-19,North,Webcam,4,64.02
2025-11-19,South,Headset,1,79.74
2025-11-19,South,Keyboard,10,42.27
2025-11-19,West,Monitor,11,200.28
2025-11-19,South,Webcam,9,61.75
2025-11-19,South,Headset,7,74.06
2025-11-19,South,Laptop,3,824.02
2025-11-19,East,Headset,3,79.2
2025-11-20,East,Keyboard,9,48.6
2025-11-20,West,Monitor,4,228.62
2025-11-20,West,Mouse,2,26.36
2025-11-20,South,Webcam,1,56.05
2025-11-20,West,Mouse,6,26.38
2025-11-20,West,Keyboard,7,41.26
2025-11-20,South,Laptop,1,792.32
2025-11-20,East,Keyboard,9,41.97
2025-11-20,North,Keyboard,6,48.77
2025-11-21,North,Keyboard,8,45.85
2025-11-21,South,Headset,7,86.5
2025-11-21,East,Monitor,1,219.14
2025-11-21,South,Headset,8,78.94
2025-11-21,West,Headset,8,73.75
2025-11-21,East,Mouse,11,25.98
2025-11-21,North,Webcam,4,62.6
2025-11-21,North,Laptop,2,727.25
2025-11-22,West,Laptop,6,818.53
2025-11-22,East,Headset,9,79.57
2025-11-22,North,Headset,9,75.89
2025-11-22,West,Headset,1,81.39
2025-11-22,South,Laptop,7,754.92
2025-11-22,East,Headset,3,75.43
2025-11-22,West,Laptop,1,790.38
2025-11-22,East,Headset,7,78.3
2025-11-22,North,Headset,9,85.49
2025-11-23,West,Mouse,8,26.55
2025-11-23,North,Webcam,7,59.17
2025-11-23,West,Monitor,11,234.58
2025-11-23,South,Monitor,11,223.03
2025-11-23,East,Mouse,5,24.62
2025-11-23,South,Mouse,9,25.89
2025-11-23,South,Webcam,1,59.05
2025-11-23,South,Webcam,1,63.32
2025-11-24,South,Mouse,2,24.85
2025-11-24,South,Monitor,8,224.78
2025-11-24,North,Headset,11,74.22
2025-11-24,East,Mouse,1,26.54
2025-11-24,South,Mouse,5,24.64
2025-11-24,West,Laptop,6,709.17
2025-11-24,South,Keyboard,3,41.14
2025-11-24,West,Monitor,9,231.45
2025-11-24,South,Headset,10,84.67
2025-11-24,South,Webcam,2,58.48
2025-11-24,West,Headset,11,87.19
2025-11-25,North,Webcam,3,64.56
2025-11-25,North,Laptop,1,762.62
2025-11-25,South,Monitor,4,227.8
2025-11-25,South,Headset,11,84.44
2025-11-25,South,Webcam,5,64.89
2025-11-25,East,Mouse,2,24.98
2025-11-25,East,Webcam,3,54.76
2025-11-25,South,Headset,7,81.72
2025-11-25,North,Headset,4,87.84
2025-11-25,North,Mouse,5,25.68
2025-11-25,North,Webcam,11,64.71
2025-11-26,West,Monitor,7,228.71
2025-11-26,West,Headset,9,87.63
2025-11-26,East,Mouse,10,24.11
2025-11-26,South,Mouse,9,23.83
2025-11-26,North,Monitor,4,229.89
2025-11-26,South,Monitor,9,204.32
2025-11-26,East,Keyboard,10,42.91
2025-11-26,East,Laptop,9,743.4
2025-11-26,North,Keyboard,4,41.69
2025-11-26,East,Mouse,11,26.39
2025-11-26,South,Monitor,6,225.42
2025-11-26,South,Headset,1,74.88
2025-11-27,West,Monitor,10,233.01
2025-11-27,South,Laptop,9,817.33
2025-11-27,North,Mouse,1,24.93
2025-11-27,West,Mouse,2,24.64
2025-11-27,East,Keyboard,6,47.98
2025-11-27,West,Headset,10,83.17
2025-11-27,East,Mouse,8,26.64
2025-11-27,West,Webcam,6,65.83
2025-11-28,East,Mouse,8,22.85
2025-11-28,North,Laptop,9,691.67
2025-11-28,South,Keyboard,5,45.94
2025-11-28,West,Laptop,10,789.64
2025-11-28,West,Keyboard,4,41.78
2025-11-28,East,Webcam,2,60.74
2025-11-28,East,Headset,7,80.8
2025-11-28,East,Keyboard,8,47.97
2025-11-28,West,Keyboard,9,44.98
2025-11-28,North,Keyboard,7,43.16
2025-11-28,North,Mouse,1,26.33
2025-11-28,North,Keyboard,7,42.06
2025-11-29,East,Laptop,5,700.42
2025-11-29,West,Mouse,11,26.1
2025-11-29,North,Mouse,2,26.39
2025-11-29,West,Keyboard,6,40.82
2025-11-29,South,Webcam,6,65.82
2025-11-29,South,Keyboard,6,43.75
2025-11-29,West,Keyboard,8,46.99
2025-11-29,South,Mouse,11,26.45
2025-11-30,East,Webcam,11,63.27
2025-11-30,East,Laptop,6,800.33
2025-11-30,West,Keyboard,1,41.94
2025-11-30,South,Monitor,3,227.97
2025-11-30,East,Monitor,6,226.37
2025-11-30,South,Mouse,10,24.92
2025-11-30,East,Headset,7,86.41
2025-11-30,North,Headset,8,75.43
2025-12-01,North,Mouse,7,23.97
2025-12-01,North,Mouse,5,26.5
2025-12-01,North,Webcam,5,54.4
2025-12-01,South,Monitor,5,223.77
2025-12-01,East,Laptop,9,725.29
2025-12-01,West,Laptop,6,786.62
2025-12-01,North,Keyboard,9,44.68
2025-12-01,East,Mouse,3,23.75
2025-12-01,West,Headset,8,85.9
2025-12-01,East,Laptop,2,679.53
2025-12-01,West,Monitor,4,239.26
2025-12-01,West,Headset,6,87.5
2025-12-01,North,Laptop,9,758.87
2025-12-02,South,Monitor,11,236.2
2025-12-02,North,Laptop,1,712.43
2025-12-02,East,Laptop,1,757.51
2025-12-02,East,Mouse,4,23.95
2025-12-02,South,Mouse,3,27.18
2025-12-02,East,Keyboard,8,45.77
2025-12-03,East,Mouse,2,22.86
2025-12-03,East,Webcam,2,62.72
2025-12-03,South,Webcam,4,65.49
2025-12-03,West,Laptop,7,702.47
2025-12-03,South,Webcam,4,61.79
2025-12-03,East,Webcam,11,60.32
2025-12-04,South,Laptop,9,681.31
2025-12-04,North,Monitor,7,228.11
2025-12-04,South,Laptop,1,726.75
2025-12-04,North,Webcam,11,55.46
2025-12-04,East,Monitor,9,225.95
2025-12-04,North,Monitor,1,233.43
2025-12-04,North,Mouse,10,26.03
2025-12-04,South,Laptop,5,794.89
2025-12-04,East,Monitor,5,216.5
2025-12-04,North,Mouse,6,26.12
2025-12-04,West,Monitor,4,225.75
2025-12-05,West,Webcam,6,59.92
2025-12-05,South,Keyboard,9,43.2
2025-12-05,South,Monitor,8,222.02
2025-12-05,South,Monitor,1,200.27
2025-12-05,North,Webcam,6,65.68
2025-12-05,South,Headset,2,85.09
2025-12-05,East,Monitor,3,241.81
2025-12-06,North,Webcam,6,58.02
2025-12-06,North,Webcam,3,55.27
2025-12-06,West,Headset,9,85.78
2025-12-06,South,Headset,1,75.68
2025-12-06,East,Webcam,10,58.53
2025-12-06,West,Laptop,1,718.75
2025-12-06,North,Webcam,10,59.57
2025-12-06,North,Webcam,4,65.55
2025-12-07,West,Keyboard,1,41.44
2025-12-07,West,Laptop,8,721.86
2025-12-07,South,Keyboard,6,42.71
2025-12-07,North,Laptop,7,776.63
2025-12-07,North,Webcam,9,65.15
2025-12-07,South,Webcam,4,61.15
2025-12-07,East,Headset,8,86.91
2025-12-08,West,Keyboard,9,46.05
2025-12-08,West,Laptop,1,754.05
2025-12-08,West,Mouse,6,26.09
2025-12-08,South,Webcam,4,56.19
2025-12-08,South,Mouse,4,27.1
2025-12-08,West,Webcam,4,57.09
2025-12-08,East,Webcam,2,62.7
2025-12-08,East,Headset,5,73.98
2025-12-09,East,Mouse,2,24.38
2025-12-09,West,Laptop,8,814.39
2025-12-09,West,Keyboard,5,44.59
2025-12-09,West,Monitor,11,240.27
2025-12-09,East,Webcam,3,59.55
2025-12-09,North,Laptop,5,815.74
2025-12-09,East,Keyboard,1,47.31
2025-12-09,West,Headset,11,87.16
2025-12-09,East,Mouse,4,24.96
2025-12-09,West,Keyboard,3,42.19
2025-12-09,West,Headset,9,83.03
2025-12-09,East,Webcam,2,60.16
2025-12-09,East,Headset,5,81.65
2025-12-10,East,Monitor,10,238.17
2025-12-10,West,Keyboard,5,45.97
2025-12-10,South,Webcam,5,56.64
2025-12-10,South,Mouse,1,25.39
2025-12-10,South,Headset,3,74.42
2025-12-10,East,Laptop,10,781.72
2025-12-10,North,Monitor,2,241.95
2025-12-11,South,Headset,9,81.75
2025-12-11,East,Mouse,7,23.4
2025-12-11,South,Headset,7,85.25
2025-12-11,South,Laptop,9,756.46
2025-12-11,North,Headset,7,84.85
2025-12-11,North,Webcam,10,65.62
2025-12-11,West,Webcam,5,55.44
2025-12-12,East,Webcam,4,64.61
2025-12-12,East,Mouse,9,26.76
2025-12-12,East,Webcam,4,65.7
2025-12-12,North,Mouse,11,25.08
2025-12-12,South,Monitor,2,228.19
2025-12-12,East,Keyboard,8,48.91
2025-12-12,West,Webcam,9,56.91
2025-12-12,East,Webcam,11,54.25
2025-12-12,West,Keyboard,6,48.93
2025-12-12,North,Keyboard,7,42.87
2025-12-12,West,Headset,6,85.81
2025-12-13,South,Mouse,2,24.78
2025-12-13,East,Keyboard,10,49.18
2025-12-13,South,Monitor,1,230.5
2025-12-13,South,Headset,7,84.88
2025-12-13,West,Headset,2,79.18
2025-12-13,South,Webcam,3,55.6
2025-12-13,North,Keyboard,5,48.35
2025-12-13,South,Keyboard,4,47.15
2025-12-13,North,Monitor,8,209.28
2025-12-14,North,Laptop,5,761.51
2025-12-14,North,Monitor,5,210.36
2025-12-14,North,Laptop,4,809.78
2025-12-14,West,Keyboard,7,44.26
2025-12-14,South,Webcam,11,55.41
2025-12-14,North,Headset,7,77.23
2025-12-14,West,Keyboard,4,41.25
2025-12-14,West,Mouse,8,23.64
2025-12-14,West,Monitor,8,228.2
2025-12-14,East,Monitor,2,229.18
2025-12-14,South,Headset,11,83.71
2025-12-15,East,Headset,8,81.43
2025-12-15,East,Headset,3,82.85
2025-12-15,West,Keyboard,11,40.89
2025-12-15,West,Monitor,1,227.58
2025-12-15,East,Laptop,8,739.89
2025-12-15,West,Mouse,2,25.84
2025-12-15,West,Mouse,3,26.84
2025-12-15,North,Laptop,9,742.52
2025-12-15,West,Keyboard,2,43.76
2025-12-15,South,Webcam,6,55.28
2025-12-16,South,Mouse,5,24.99
2025-12-16,North,Headset,4,79.09
2025-12-16,West,Webcam,1,64.81
2025-12-16,East,Monitor,8,201.4
2025-12-16,North,Headset,2,77.04
2025-12-16,South,Laptop,3,687.7
2025-12-16,West,Webcam,4,56.89
2025-12-16,South,Mouse,2,27.37
2025-12-16,South,Webcam,8,65.16
2025-12-16,West,Mouse,10,24.9
2025-12-17,West,Monitor,4,210.87
2025-12-17,East,Laptop,1,696.31
2025-12-17,South,Webcam,8,55.48
2025-12-17,North,Monitor,2,228.39
2025-12-17,East,Laptop,4,696.95
2025-12-18,West,Webcam,3,54.42
2025-12-18,West,Headset,6,86.02
2025-12-18,North,Monitor,3,206.3
2025-12-18,North,Webcam,9,57.0
2025-12-18,West,Mouse,10,25.44
2025-12-18,West,Laptop,2,807.55
2025-12-18,East,Keyboard,9,41.15
2025-12-18,South,Webcam,10,63.66
2025-12-19,East,Keyboard,6,44.33
2025-12-19,West,Webcam,10,65.05
2025-12-19,East,Monitor,3,198.77
2025-12-19,South,Mouse,6,26.82
2025-12-19,North,Monitor,5,239.36
2025-12-19,South,Mouse,7,23.6
2025-12-19,South,Laptop,5,692.59
2025-12-19,West,Mouse,4,25.46
2025-12-19,East,Laptop,7,677.5
2025-12-19,South,Monitor,3,205.29
2025-12-19,North,Headset,9,73.92
2025-12-19,West,Webcam,4,56.14
2025-12-19,North,Keyboard,2,45.08
2025-12-20,West,Webcam,3,55.54
2025-12-20,East,Webcam,9,57.75
2025-12-20,South,Laptop,11,698.39
2025-12-20,North,Keyboard,10,43.89
2025-12-20,South,Mouse,6,26.34
2025-12-20,South,Keyboard,8,41.19
2025-12-20,West,Keyboard,4,41.37
2025-12-20,North,Laptop,4,782.64
2025-12-20,North,Webcam,3,62.96
2025-12-20,North,Monitor,11,200.39
2025-12-20,West,Webcam,3,62.88
2025-12-20,East,Headset,5,84.11
2025-12-21,East,Laptop,10,793.89
2025-12-21,North,Mouse,6,25.73
2025-12-21,West,Webcam,11,59.56
2025-12-21,North,Headset,6,76.0
2025-12-21,West,Mouse,1,24.81
2025-12-21,West,Monitor,3,206.8
2025-12-21,East,Keyboard,9,40.95
2025-12-21,North,Headset,4,79.8
2025-12-21,North,Monitor,8,222.67
2025-12-21,West,Keyboard,6,43.08
2025-12-21,East,Laptop,10,695.5
2025-12-22,East,Monitor,1,206.16
2025-12-22,South,Monitor,2,212.07
2025-12-22,West,Laptop,3,684.38
2025-12-22,West,Keyboard,6,41.71
2025-12-22,North,Monitor,5,211.48
2025-12-22,West,Laptop,6,765.65
2025-12-22,East,Webcam,1,64.35
2025-12-22,West,Monitor,9,240.3
2025-12-22,West,Headset,5,75.66
2025-12-22,South,Headset,10,77.78
2025-12-23,East,Headset,6,85.6
2025-12-23,West,Webcam,11,64.51
2025-12-23,East,Monitor,8,220.01
2025-12-23,South,Headset,9,87.35
2025-12-23,West,Monitor,9,223.41
2025-12-23,South,Monitor,7,236.52
2025-12-23,North,Monitor,3,215.76
2025-12-24,West,Mouse,10,23.38
2025-12-24,North,Headset,3,77.58
2025-12-24,North,Laptop,9,778.87
2025-12-24,North,Mouse,4,24.17
2025-12-24,West,Mouse,8,26.8
2025-12-24,North,Monitor,4,228.45
2025-12-24,South,Laptop,10,799.5
2025-12-25,East,Headset,11,78.61
2025-12-25,West,Keyboard,7,41.46
2025-12-25,North,Laptop,3,746.72
2025-12-25,East,Mouse,6,23.59
2025-12-25,East,Monitor,2,212.35
2025-12-25,South,Monitor,10,228.65
2025-12-25,East,Laptop,9,683.59
2025-12-25,East,Keyboard,2,49.2
2025-12-25,North,Mouse,5,22.7
2025-12-25,South,Laptop,9,744.38
2025-12-25,North,Headset,6,86.76
2025-12-25,South,Monitor,10,202.72
2025-12-25,West,Headset,6,86.12
2025-12-26,South,Mouse,6,27.12
2025-12-26,North,Monitor,9,225.79
2025-12-26,East,Webcam,9,56.05
2025-12-26,South,Webcam,2,65.52
2025-12-26,West,Laptop,2,684.82
2025-12-26,West,Laptop,4,764.55
2025-12-27,South,Mouse,6,23.46
2025-12-27,South,Keyboard,6,43.5
2025-12-27,West,Monitor,8,204.17
2025-12-27,East,Webcam,2,57.51
2025-12-27,West,Keyboard,9,44.59
2025-12-27,East,Webcam,5,64.45
2025-12-28,West,Headset,5,83.46
2025-12-28,North,Keyboard,11,47.58
2025-12-28,West,Mouse,4,23.33
2025-12-28,North,Headset,7,78.66
2025-12-28,South,Webcam,4,58.47
2025-12-28,East,Laptop,3,698.28
2025-12-28,North,Laptop,3,797.95
2025-12-28,East,Laptop,11,787.42
2025-12-28,East,Webcam,9,60.11
2025-12-28,West,Keyboard,11,47.0
2025-12-29,East,Mouse,9,23.1
2025-12-29,North,Keyboard,8,48.01
2025-12-29,West,Laptop,8,686.12
2025-12-29,West,Mouse,2,22.68
2025-12-29,South,Webcam,3,64.17
2025-12-29,East,Webcam,6,58.04
2025-12-29,South,Monitor,10,231.23
2025-12-29,West,Monitor,4,210.05
2025-12-29,East,Monitor,5,200.23
2025-12-29,South,Keyboard,1,47.6
2025-12-30,South,Webcam,4,60.52
2025-12-30,West,Mouse,11,24.34
2025-12-30,South,Laptop,4,787.45
2025-12-30,North,Webcam,3,54.64
2025-12-30,North,Headset,2,72.08
2025-12-30,South,Webcam,5,61.83
2025-12-30,East,Monitor,1,236.44
2025-12-30,East,Headset,5,77.73
2025-12-30,North,Webcam,4,63.08
2025-12-30,South,Webcam,4,54.47
2025-12-30,North,Laptop,5,683.09
2025-12-31,North,Headset,10,84.77
2025-12-31,West,Headset,6,81.98
2025-12-31,East,Keyboard,2,46.79
2025-12-31,East,Monitor,1,220.85
2025-12-31,West,Headset,10,75.73
2025-12-31,North,Webcam,8,55.25
2025-12-31,North,Webcam,1,56.04
2025-12-31,South,Webcam,11,58.36
